$ set -euo pipefail
npm test --workspaces
npx tsc --noEmit -p backend/tsconfig.json
npm run typecheck --workspace=frontend

--- stdout (12 redaction(s)) ---
TAP version 13
# Subtest: plant creation and deletion use normalized payloads, parsed responses and empty 204
ok 1 - plant creation and deletion use normalized payloads, parsed responses and empty 204
  ---
  duration_ms: 53.133689
  type: 'test'
  ...
# Subtest: plant mutations validate inputs and preserve API errors
ok 2 - plant mutations validate inputs and preserve API errors
  ---
  duration_ms: 11.507233
  type: 'test'
  ...
# Subtest: URL environment precedence and platform defaults
ok 3 - URL environment precedence and platform defaults
  ---
  duration_ms: 0.521986
  type: 'test'
  ...
# Subtest: plant updates trim fields, preserve clearing and moisture bounds, and attach bearer [redacted]
ok 4 - plant updates trim fields, preserve clearing and moisture bounds, and attach bearer [redacted]
  ---
  duration_ms: 5.040339
  type: 'test'
  ...
# Subtest: plant updates reject invalid fields and propagate missing plants
ok 5 - plant updates reject invalid fields and propagate missing plants
  ---
  duration_ms: 5.65786
  type: 'test'
  ...
# Subtest: all seven operations use correct routes and bodies
ok 6 - all seven operations use correct routes and bodies
  ---
  duration_ms: 32.485508
  type: 'test'
  ...
# Subtest: only latest 404 becomes null
ok 7 - only latest 404 becomes null
  ---
  duration_ms: 14.976936
  type: 'test'
  ...
# Subtest: nested validation rejects invalid data instead of manufacturing defaults
ok 8 - nested validation rejects invalid data instead of manufacturing defaults
  ---
  duration_ms: 23.260154
  type: 'test'
  ...
# Subtest: network, invalid JSON, timeout and external cancellation are typed
ok 9 - network, invalid JSON, timeout and external cancellation are typed
  ---
  duration_ms: 30.565922
  type: 'test'
  ...
# "shadow*" style props are deprecated. Use "boxShadow".
# Subtest: reference-sized floating pill and camera share a centerline and retain readable labels
ok 10 - reference-sized floating pill and camera share a centerline and retain readable labels
  ---
  duration_ms: 346.33638
  type: 'test'
  ...
# Subtest: each navigation item opens its own route with reference Home/Spaces icons and a distinct task icon
ok 11 - each navigation item opens its own route with reference Home/Spaces icons and a distinct task icon
  ---
  duration_ms: 484.169606
  type: 'test'
  ...
# Subtest: dock respects safe areas and remains centered at the reference width on small screens
ok 12 - dock respects safe areas and remains centered at the reference width on small screens
  ---
  duration_ms: 81.130012
  type: 'test'
  ...
# Subtest: installed Router v57 clears retained plant/device targets on the untargeted Scan action
ok 13 - installed Router v57 clears retained plant/device targets on the untargeted Scan action
  ---
  duration_ms: 85.160515
  type: 'test'
  ...
# Subtest: selected-tab color and emphasis follow Spaces details, reverse selections, and stop for reduced motion
ok 14 - selected-tab color and emphasis follow Spaces details, reverse selections, and stop for reduced motion
  ---
  duration_ms: 111.609896
  type: 'test'
  ...
# Subtest: reduced-motion startup and tab changes render static selection without resetting animated values
ok 15 - reduced-motion startup and tab changes render static selection without resetting animated values
  ---
  duration_ms: 71.777799
  type: 'test'
  ...
# Subtest: installed tab history reverses navigation without losing the Space Details target
ok 16 - installed tab history reverses navigation without losing the Space Details target
  ---
  duration_ms: 1.087446
  type: 'test'
  ...
# Subtest: task mutation cancellation rejects even when transport ignores abort and returns late
ok 17 - task mutation cancellation rejects even when transport ignores abort and returns late
  ---
  duration_ms: 61.181942
  type: 'test'
  ...
# Subtest: already cancelled task mutation never reaches transport
ok 18 - already cancelled task mutation never reaches transport
  ---
  duration_ms: 1.697443
  type: 'test'
  ...
# Subtest: Monday calendar filters retain overdue/manual checks and distinguish exact week boundaries
ok 19 - Monday calendar filters retain overdue/manual checks and distinguish exact week boundaries
  ---
  duration_ms: 3.870893
  type: 'test'
  ...
# Subtest: completed views use completion timestamps rather than inventing manual due dates
ok 20 - completed views use completion timestamps rather than inventing manual due dates
  ---
  duration_ms: 0.51898
  type: 'test'
  ...
# Subtest: task mutation retains the full list and confirmed write when reload fails
ok 21 - task mutation retains the full list and confirmed write when reload fails
  ---
  duration_ms: 263.478917
  type: 'test'
  ...
# Subtest: task mutation aborts on blur and ignores a late success
ok 22 - task mutation aborts on blur and ignores a late success
  ---
  duration_ms: 139.17114
  type: 'test'
  ...
# Subtest: task mutation aborts on background and ignores a late success
ok 23 - task mutation aborts on background and ignores a late success
  ---
  duration_ms: 126.914299
  type: 'test'
  ...
# Subtest: task mutation aborts on unmount and ignores a late success
ok 24 - task mutation aborts on unmount and ignores a late success
  ---
  duration_ms: 98.851197
  type: 'test'
  ...
# Subtest: task mutation locks duplicate taps and does not confirm a failed write
ok 25 - task mutation locks duplicate taps and does not confirm a failed write
  ---
  duration_ms: 124.431437
  type: 'test'
  ...
# Subtest: Skip uses SKIPPED only after a successful PATCH and retains previous status on failure
ok 26 - Skip uses SKIPPED only after a successful PATCH and retains previous status on failure
  ---
  duration_ms: 90.311019
  type: 'test'
  ...
# Subtest: Skip aborts on blur and ignores a late successful response
ok 27 - Skip aborts on blur and ignores a late successful response
  ---
  duration_ms: 41.40796
  type: 'test'
  ...
# Subtest: Skip aborts on background and ignores a late successful response
ok 28 - Skip aborts on background and ignores a late successful response
  ---
  duration_ms: 94.279821
  type: 'test'
  ...
# Subtest: Skip aborts on unmount and ignores a late successful response
ok 29 - Skip aborts on unmount and ignores a late successful response
  ---
  duration_ms: 39.663805
  type: 'test'
  ...
# Subtest: disabled account task hook cannot Skip
ok 30 - disabled account task hook cannot Skip
  ---
  duration_ms: 83.646349
  type: 'test'
  ...
# Subtest: focus and fresh client session restore account task status from authoritative GET
ok 31 - focus and fresh client session restore account task status from authoritative GET
  ---
  duration_ms: 267.787201
  type: 'test'
  ...
# Subtest: authoritative GET retires confirmed overlays, including after another failed reload
ok 32 - authoritative GET retires confirmed overlays, including after another failed reload
  ---
  duration_ms: 96.71518
  type: 'test'
  ...
# Subtest: blur cancellation revalidates before settlement and late finally cannot unlock a newer mutation
ok 33 - blur cancellation revalidates before settlement and late finally cannot unlock a newer mutation
  ---
  duration_ms: 121.946471
  type: 'test'
  ...
# Subtest: a GET published between the synchronous mutation lock and effect cleanup cannot overwrite confirmation
ok 34 - a GET published between the synchronous mutation lock and effect cleanup cannot overwrite confirmation
  ---
  duration_ms: 71.901613
  type: 'test'
  ...
# Subtest: Due today includes earlier-today overdue tasks and excludes undated, completed, invalid and other dates
ok 35 - Due today includes earlier-today overdue tasks and excludes undated, completed, invalid and other dates
  ---
  duration_ms: 10.90912
  type: 'test'
  ...
# Subtest: Due today follows local calendar boundaries through short and long daylight-saving days
ok 36 - Due today follows local calendar boundaries through short and long daylight-saving days
  ---
  duration_ms: 3.278572
  type: 'test'
  ...
# Subtest: task previews retain short details and select a concise sentence without changing the saved explanation
ok 37 - task previews retain short details and select a concise sentence without changing the saved explanation
  ---
  duration_ms: 0.720142
  type: 'test'
  ...
# Subtest: task thumbnails show the real saved plant image or an accessible missing-photo placeholder
ok 38 - task thumbnails show the real saved plant image or an accessible missing-photo placeholder
  ---
  duration_ms: 260.167661
  type: 'test'
  ...
# Subtest: thumbnail load errors fall back and a different saved image recovers without stale-error interference
ok 39 - thumbnail load errors fall back and a different saved image recovers without stale-error interference
  ---
  duration_ms: 49.713656
  type: 'test'
  ...
# Subtest: Guest task controls persist completion/undo, retain pending tasks on failure and open the selected space
ok 40 - Guest task controls persist completion/undo, retain pending tasks on failure and open the selected space
  ---
  duration_ms: 959.800338
  type: 'test'
  ...
# Subtest: account Skip uses only the server source, leaves failed tasks visible and removes confirmed skips
ok 41 - account Skip uses only the server source, leaves failed tasks visible and removes confirmed skips
  ---
  duration_ms: 425.427934
  type: 'test'
  ...
# Subtest: account completion and Undo send COMPLETED and PENDING without writing local history
ok 42 - account completion and Undo send COMPLETED and PENDING without writing local history
  ---
  duration_ms: 168.49809
  type: 'test'
  ...
# Subtest: loading and partial refresh failure have retry controls without a false empty success
ok 43 - loading and partial refresh failure have retry controls without a false empty success
  ---
  duration_ms: 119.054614
  type: 'test'
  ...
# Subtest: pull-to-refresh remains wired and three interactive summary cards show readable real counts
ok 44 - pull-to-refresh remains wired and three interactive summary cards show readable real counts
  ---
  duration_ms: 262.414505
  type: 'test'
  ...
# Subtest: direct task buttons are text-only and offer only supported pending/completed actions
ok 45 - direct task buttons are text-only and offer only supported pending/completed actions
  ---
  duration_ms: 377.406462
  type: 'test'
  ...
# Subtest: empty states fill the remaining screen and have no My Spaces action
ok 46 - empty states fill the remaining screen and have no My Spaces action
  ---
  duration_ms: 145.14735
  type: 'test'
  ...
# Subtest: green period dropdown switches task views without changing persistent task sources
ok 47 - green period dropdown switches task views without changing persistent task sources
  ---
  duration_ms: 179.664369
  type: 'test'
  ...
# Subtest: Care Tasks filter remains interactive without animation when reduced motion is enabled
ok 48 - Care Tasks filter remains interactive without animation when reduced motion is enabled
  ---
  duration_ms: 250.223863
  type: 'test'
  ...
# Subtest: Care Tasks uses a clean white page without decorative artwork and retains real plant thumbnails
ok 49 - Care Tasks uses a clean white page without decorative artwork and retains real plant thumbnails
  ---
  duration_ms: 147.483245
  type: 'test'
  ...
# Subtest: summary due-today filter includes earlier-today Overdue and excludes manual, yesterday, and tomorrow tasks
ok 50 - summary due-today filter includes earlier-today Overdue and excludes manual, yesterday, and tomorrow tasks
  ---
  duration_ms: 164.121386
  type: 'test'
  ...
# Subtest: All, Pending and Completed views share confirmed counts without changing task sources
ok 51 - All, Pending and Completed views share confirmed counts without changing task sources
  ---
  duration_ms: 183.835208
  type: 'test'
  ...
# Subtest: short previews can expand to the original saved details without marking care complete
ok 52 - short previews can expand to the original saved details without marking care complete
  ---
  duration_ms: 117.6603
  type: 'test'
  ...
# Subtest: account plant loading cannot show an empty success before local schedules and history hydrate
ok 53 - account plant loading cannot show an empty success before local schedules and history hydrate
  ---
  duration_ms: 118.510935
  type: 'test'
  ...
# Subtest: presentation groups exact due times and leaves unscheduled and future urgent checks undated or upcoming
ok 54 - presentation groups exact due times and leaves unscheduled and future urgent checks undated or upcoming
  ---
  duration_ms: 41.566508
  type: 'test'
  ...
# Subtest: completed recurring tasks stay in history while their next occurrence is upcoming; undo restores overdue
ok 55 - completed recurring tasks stay in history while their next occurrence is upcoming; undo restores overdue
  ---
  duration_ms: 9.707441
  type: 'test'
  ...
# Subtest: server tasks merge by urgency and due date, preserve completion and omit skipped/deleted targets
ok 56 - server tasks merge by urgency and due date, preserve completion and omit skipped/deleted targets
  ---
  duration_ms: 4.942398
  type: 'test'
  ...
# Subtest: aggregates all plants, prioritizes urgent recommendations, and does not invent healthy readings
ok 57 - aggregates all plants, prioritizes urgent recommendations, and does not invent healthy readings
  ---
  duration_ms: 1.170037
  type: 'test'
  ...
# Subtest: saved schedules group overdue/today separately from future checks and preserve reminder time
ok 58 - saved schedules group overdue/today separately from future checks and preserve reminder time
  ---
  duration_ms: 1.114388
  type: 'test'
  ...
# Subtest: completion is idempotent, recurring checks advance, undo restores occurrence
ok 59 - completion is idempotent, recurring checks advance, undo restores occurrence
  ---
  duration_ms: 1.16615
  type: 'test'
  ...
# Subtest: one-off tasks stay complete; updated versions renew tasks; deleted plants leave the hub
ok 60 - one-off tasks stay complete; updated versions renew tasks; deleted plants leave the hub
  ---
  duration_ms: 0.901003
  type: 'test'
  ...
# Subtest: legacy local state migrates completions; invalid history fails closed
ok 61 - legacy local state migrates completions; invalid history fails closed
  ---
  duration_ms: 2.176336
  type: 'test'
  ...
# Subtest: completions survive remount, stay account-scoped, and failed writes do not check off tasks
ok 62 - completions survive remount, stay account-scoped, and failed writes do not check off tasks
  ---
  duration_ms: 3.284372
  type: 'test'
  ...
# Subtest: hardware widget persists with 0 sensors and working entry points
ok 63 - hardware widget persists with 0 sensors and working entry points
  ---
  duration_ms: 363.76683
  type: 'test'
  ...
# Subtest: hardware widget persists with 1 sensors and working entry points
ok 64 - hardware widget persists with 1 sensors and working entry points
  ---
  duration_ms: 54.441617
  type: 'test'
  ...
# Subtest: hardware widget persists with 2 sensors and working entry points
ok 65 - hardware widget persists with 2 sensors and working entry points
  ---
  duration_ms: 58.147687
  type: 'test'
  ...
# Subtest: dashboard keeps both quick actions and hardware widget for 0 sensors
ok 66 - dashboard keeps both quick actions and hardware widget for 0 sensors
  ---
  duration_ms: 187.531671
  type: 'test'
  ...
# Subtest: dashboard keeps both quick actions and hardware widget for 2 sensors
ok 67 - dashboard keeps both quick actions and hardware widget for 2 sensors
  ---
  duration_ms: 147.501632
  type: 'test'
  ...
# Subtest: dashboard retains initial loading and retry without fabricating AI content
ok 68 - dashboard retains initial loading and retry without fabricating AI content
  ---
  duration_ms: 2.306357
  type: 'test'
  ...
# Subtest: loaded collections do not recreate the removed garden summary
ok 69 - loaded collections do not recreate the removed garden summary
  ---
  duration_ms: 0.408224
  type: 'test'
  ...
# Subtest: overview status distinguishes refresh and failed refresh
ok 70 - overview status distinguishes refresh and failed refresh
  ---
  duration_ms: 0.335853
  type: 'test'
  ...
# Subtest: guest messaging stays local and does not promise guest AI scans
ok 71 - guest messaging stays local and does not promise guest AI scans
  ---
  duration_ms: 0.32889
  type: 'test'
  ...
# Subtest: sensor alerts do not infer missing hardware from incomplete collections
ok 72 - sensor alerts do not infer missing hardware from incomplete collections
  ---
  duration_ms: 0.331375
  type: 'test'
  ...
# Subtest: missing sensor links keep hardware optional and pairing unavailable
ok 73 - missing sensor links keep hardware optional and pairing unavailable
  ---
  duration_ms: 0.427532
  type: 'test'
  ...
# Subtest: a saved sensor link is not presented as a live observation
ok 74 - a saved sensor link is not presented as a live observation
  ---
  duration_ms: 0.356183
  type: 'test'
  ...
# Subtest: demo-only and mixed collections explicitly distinguish simulated telemetry
ok 75 - demo-only and mixed collections explicitly distinguish simulated telemetry
  ---
  duration_ms: 0.33909
  type: 'test'
  ...
# Subtest: device activity uses Router focus without a standalone navigation provider
ok 76 - device activity uses Router focus without a standalone navigation provider
  ---
  duration_ms: 259.386865
  type: 'test'
  ...
# Subtest: device activity stays paused in background or inactive and resumes only when focused
ok 77 - device activity stays paused in background or inactive and resumes only when focused
  ---
  duration_ms: 44.45047
  type: 'test'
  ...
# Subtest: web visibility gates device work and both listeners are removed
ok 78 - web visibility gates device work and both listeners are removed
  ---
  duration_ms: 106.133338
  type: 'test'
  ...
# Subtest: empty successful responses reject when contracts require a payload
ok 79 - empty successful responses reject when contracts require a payload
  ---
  duration_ms: 63.155061
  type: 'test'
  ...
# Subtest: device routes preserve UUID/MAC, bodies, bearer [redacted] all BFF states
ok 80 - device routes preserve UUID/MAC, bodies, bearer [redacted] all BFF states
  ---
  duration_ms: 35.163118
  type: 'test'
  ...
# Subtest: invalid inputs reject before transport and conventional MACs normalize
ok 81 - invalid inputs reject before transport and conventional MACs normalize
  ---
  duration_ms: 5.800879
  type: 'test'
  ...
# Subtest: conflicts and malformed successful responses never become success
ok 82 - conflicts and malformed successful responses never become success
  ---
  duration_ms: 41.283488
  type: 'test'
  ...
# Subtest: new routes refresh once and respect cancellation and timeout
ok 83 - new routes refresh once and respect cancellation and timeout
  ---
  duration_ms: 54.833379
  type: 'test'
  ...
# Subtest: production scanner coalesces scan/submission and hands off server UUID and target
ok 84 - production scanner coalesces scan/submission and hands off server UUID and target
  ---
  duration_ms: 386.088518
  type: 'test'
  ...
# Subtest: manual input validates visibly, ownership conflict stays and retry succeeds with camera denied
ok 85 - manual input validates visibly, ownership conflict stays and retry succeeds with camera denied
  ---
  duration_ms: 160.411966
  type: 'test'
  ...
# Subtest: production scanner suppresses pending state and navigation after blur
ok 86 - production scanner suppresses pending state and navigation after blur
  ---
  duration_ms: 114.610035
  type: 'test'
  ...
# Subtest: production scanner suppresses pending state and navigation after cancel
ok 87 - production scanner suppresses pending state and navigation after cancel
  ---
  duration_ms: 98.454615
  type: 'test'
  ...
# Subtest: production scanner suppresses pending state and navigation after dispose
ok 88 - production scanner suppresses pending state and navigation after dispose
  ---
  duration_ms: 86.050105
  type: 'test'
  ...
# Subtest: production scanner suppresses pending state and navigation after auth
ok 89 - production scanner suppresses pending state and navigation after auth
  ---
  duration_ms: 84.605014
  type: 'test'
  ...
# Subtest: production scanner suppresses pending state and navigation after snapshotOnly
ok 90 - production scanner suppresses pending state and navigation after snapshotOnly
  ---
  duration_ms: 59.460932
  type: 'test'
  ...
# Subtest: guest scanner offers sign-in without claim or camera access
ok 91 - guest scanner offers sign-in without claim or camera access
  ---
  duration_ms: 72.628808
  type: 'test'
  ...
# Subtest: legacy selection bypasses mock nodes and retains contextual target
ok 92 - legacy selection bypasses mock nodes and retains contextual target
  ---
  duration_ms: 26.470903
  type: 'test'
  ...
# Subtest: production AppData fences old claim closure and clears ephemeral Device on account remount
ok 93 - production AppData fences old claim closure and clears ephemeral Device on account remount
  ---
  duration_ms: 246.345956
  type: 'test'
  ...
# Subtest: permission rejection after unmount never writes screen state
ok 94 - permission rejection after unmount never writes screen state
  ---
  duration_ms: 92.676751
  type: 'test'
  ...
# Subtest: nonconflict claim error is sanitized and scanned retry remains usable
ok 95 - nonconflict claim error is sanitized and scanned retry remains usable
  ---
  duration_ms: 79.706622
  type: 'test'
  ...
# Subtest: web assignment buttons announce selected=false and disabled=false, contextual=false
ok 96 - web assignment buttons announce selected=false and disabled=false, contextual=false
  ---
  duration_ms: 424.248867
  type: 'test'
  ...
# Subtest: web assignment buttons announce selected=false and disabled=true, contextual=false
ok 97 - web assignment buttons announce selected=false and disabled=true, contextual=false
  ---
  duration_ms: 155.05719
  type: 'test'
  ...
# Subtest: web assignment buttons announce selected=true and disabled=false, contextual=false
ok 98 - web assignment buttons announce selected=true and disabled=false, contextual=false
  ---
  duration_ms: 118.94366
  type: 'test'
  ...
# Subtest: web assignment buttons announce selected=true and disabled=true, contextual=false
ok 99 - web assignment buttons announce selected=true and disabled=true, contextual=false
  ---
  duration_ms: 103.244244
  type: 'test'
  ...
# Subtest: web assignment buttons announce selected=false and disabled=false, contextual=true
ok 100 - web assignment buttons announce selected=false and disabled=false, contextual=true
  ---
  duration_ms: 124.93453
  type: 'test'
  ...
# Subtest: web assignment buttons announce selected=false and disabled=true, contextual=true
ok 101 - web assignment buttons announce selected=false and disabled=true, contextual=true
  ---
  duration_ms: 87.70989
  type: 'test'
  ...
# Subtest: web assignment buttons announce selected=true and disabled=false, contextual=true
ok 102 - web assignment buttons announce selected=true and disabled=false, contextual=true
  ---
  duration_ms: 89.469208
  type: 'test'
  ...
# Subtest: web assignment buttons announce selected=true and disabled=true, contextual=true
ok 103 - web assignment buttons announce selected=true and disabled=true, contextual=true
  ---
  duration_ms: 79.862903
  type: 'test'
  ...
# (node:130953) ExperimentalWarning: The MockTimers API is an experimental feature and might change at any time
# (Use `node --trace-warnings ...` to show where the warning was created)
# Subtest: management removal preserves all devices on failure and removes only its ID on retry
ok 104 - management removal preserves all devices on failure and removes only its ID on retry
  ---
  duration_ms: 317.470636
  type: 'test'
  ...
# Subtest: actual local provider fences a session change when queued
ok 105 - actual local provider fences a session change when queued
  ---
  duration_ms: 93.664794
  type: 'test'
  ...
# Subtest: actual local provider fences a session change when commit started
ok 106 - actual local provider fences a session change when commit started
  ---
  duration_ms: 47.849308
  type: 'test'
  ...
# (node:130968) ExperimentalWarning: The MockTimers API is an experimental feature and might change at any time
# (Use `node --trace-warnings ...` to show where the warning was created)
# Subtest: discovery contains only uniquely identified mock nodes and rejects invalid route parameters
ok 107 - discovery contains only uniquely identified mock nodes and rejects invalid route parameters
  ---
  duration_ms: 2.583297
  type: 'test'
  ...
# Subtest: assignment supports existing spaces and plants without mutating sensor links
ok 108 - assignment supports existing spaces and plants without mutating sensor links
  ---
  duration_ms: 2.147068
  type: 'test'
  ...
# Subtest: existing v1 state stays valid; malformed mock assignments fail closed
ok 109 - existing v1 state stays valid; malformed mock assignments fail closed
  ---
  duration_ms: 1.981837
  type: 'test'
  ...
# Subtest: completed assignments survive reload and remain isolated from other accounts and guests
ok 110 - completed assignments survive reload and remain isolated from other accounts and guests
  ---
  duration_ms: 4.325529
  type: 'test'
  ...
# Subtest: failed persistence does not publish a successful connection and retry succeeds
ok 111 - failed persistence does not publish a successful connection and retry succeeds
  ---
  duration_ms: 2.456621
  type: 'test'
  ...
# Subtest: mock delays finish only after their timeout
ok 112 - mock delays finish only after their timeout
  ---
  duration_ms: 1.655391
  type: 'test'
  ...
# Subtest: cancelled and already-aborted mock work never completes
ok 113 - cancelled and already-aborted mock work never completes
  ---
  duration_ms: 1.870841
  type: 'test'
  ...
# Subtest: a cancelled queued assignment never writes and the queue remains usable
ok 114 - a cancelled queued assignment never writes and the queue remains usable
  ---
  duration_ms: 4.385614
  type: 'test'
  ...
# Subtest: invalid persisted mock assignment blocks loading and preserves stored data
ok 115 - invalid persisted mock assignment blocks loading and preserves stored data
  ---
  duration_ms: 1.337814
  type: 'test'
  ...
# Subtest: legacy single connection migrates once without resurrecting removed devices
ok 116 - legacy single connection migrates once without resurrecting removed devices
  ---
  duration_ms: 3.381581
  type: 'test'
  ...
# Subtest: multiple sensors append, reassignment replaces only the matching identity
ok 117 - multiple sensors append, reassignment replaces only the matching identity
  ---
  duration_ms: 1.304699
  type: 'test'
  ...
# Subtest: device collections fail closed on corrupt, duplicate, or spoofed live entries
ok 118 - device collections fail closed on corrupt, duplicate, or spoofed live entries
  ---
  duration_ms: 1.355778
  type: 'test'
  ...
# Subtest: contextual targets lock selection and invalid or deleted destinations never fall back
ok 119 - contextual targets lock selection and invalid or deleted destinations never fall back
  ---
  duration_ms: 0.84284
  type: 'test'
  ...
# Subtest: concurrent pairing preserves multiple sensors across reload and removal
ok 120 - concurrent pairing preserves multiple sensors across reload and removal
  ---
  duration_ms: 7.156637
  type: 'test'
  ...
# Subtest: production Scanner -> provider -> Assignment -> Success -> Profile uses UUID and one BFF through real client
ok 121 - production Scanner -> provider -> Assignment -> Success -> Profile uses UUID and one BFF through real client
  ---
  duration_ms: 1303.720239
  type: 'test'
  ...
# Subtest: real transport preserves claim 409, same-owner reclaim and failed pairing retry
ok 122 - real transport preserves claim 409, same-owner reclaim and failed pairing retry
  ---
  duration_ms: 462.895049
  type: 'test'
  ...
# Subtest: late HTTP claim completion after account boundary cannot store a Device or navigate
ok 123 - late HTTP claim completion after account boundary cannot store a Device or navigate
  ---
  duration_ms: 83.08763
  type: 'test'
  ...
# Subtest: production assignment pairs claimed UUID once, updates reassignment and offers confirmed profile
ok 124 - production assignment pairs claimed UUID once, updates reassignment and offers confirmed profile
  ---
  duration_ms: 702.421782
  type: 'test'
  ...
# Subtest: production assignment rejects unsupported or missing contextual target {"targetType":"space","targetId":"Bedroom"}
ok 125 - production assignment rejects unsupported or missing contextual target {"targetType":"space","targetId":"Bedroom"}
  ---
  duration_ms: 262.250472
  type: 'test'
  ...
# Subtest: production assignment rejects unsupported or missing contextual target {"targetType":"plant","targetId":"missing"}
ok 126 - production assignment rejects unsupported or missing contextual target {"targetType":"plant","targetId":"missing"}
  ---
  duration_ms: 200.399419
  type: 'test'
  ...
# Subtest: production assignment rejects unsupported or missing contextual target {"targetType":"plant","targetId":"mock-leaf-node-01"}
ok 127 - production assignment rejects unsupported or missing contextual target {"targetType":"plant","targetId":"mock-leaf-node-01"}
  ---
  duration_ms: 182.762318
  type: 'test'
  ...
# Subtest: production assignment rejects unsupported or missing contextual target {"targetType":["plant"],"targetId":"44444444-4444-4444-8444-444444444444"}
ok 128 - production assignment rejects unsupported or missing contextual target {"targetType":["plant"],"targetId":"44444444-4444-4444-8444-444444444444"}
  ---
  duration_ms: 124.297018
  type: 'test'
  ...
# Subtest: production assignment rejects unsupported or missing contextual target {"targetId":"44444444-4444-4444-8444-444444444444"}
ok 129 - production assignment rejects unsupported or missing contextual target {"targetId":"44444444-4444-4444-8444-444444444444"}
  ---
  duration_ms: 178.165771
  type: 'test'
  ...
# Subtest: missing claim, forged UUID and guests cannot mutate
ok 130 - missing claim, forged UUID and guests cannot mutate
  ---
  duration_ms: 210.857774
  type: 'test'
  ...
# Subtest: pair mutation failure remains retryable and refresh failure preserves successful cache and warning
ok 131 - pair mutation failure remains retryable and refresh failure preserves successful cache and warning
  ---
  duration_ms: 143.568932
  type: 'test'
  ...
# Subtest: production pairing handles account without implying a confirmed write rolled back
ok 132 - production pairing handles account without implying a confirmed write rolled back
  ---
  duration_ms: 176.093301
  type: 'test'
  ...
# Subtest: production pairing handles unmount without implying a confirmed write rolled back
ok 133 - production pairing handles unmount without implying a confirmed write rolled back
  ---
  duration_ms: 174.903622
  type: 'test'
  ...
# Subtest: production pairing handles cancel without implying a confirmed write rolled back
ok 134 - production pairing handles cancel without implying a confirmed write rolled back
  ---
  duration_ms: 128.533151
  type: 'test'
  ...
# Subtest: provider rejects unavailable plants and mismatched server confirmation
ok 135 - provider rejects unavailable plants and mismatched server confirmation
  ---
  duration_ms: 79.946324
  type: 'test'
  ...
# Subtest: confirmed mutation stays on assignment while refresh is pending, then success survives failed refresh
ok 136 - confirmed mutation stays on assignment while refresh is pending, then success survives failed refresh
  ---
  duration_ms: 183.530031
  type: 'test'
  ...
# Subtest: changing route while mutation runs suppresses the old target handoff
ok 137 - changing route while mutation runs suppresses the old target handoff
  ---
  duration_ms: 169.195897
  type: 'test'
  ...
# Subtest: connection diagnostics are replaced entirely with the standard message
ok 138 - connection diagnostics are replaced entirely with the standard message
  ---
  duration_ms: 4.638186
  type: 'test'
  ...
# Subtest: API normalization preserves kinds, status and diagnostic details, not network text
ok 139 - API normalization preserves kinds, status and diagnostic details, not network text
  ---
  duration_ms: 0.584478
  type: 'test'
  ...
# Subtest: validation, credential, cancellation and informational messages remain useful
ok 140 - validation, credential, cancellation and informational messages remain useful
  ---
  duration_ms: 0.614205
  type: 'test'
  ...
# Subtest: login, registration and collection requests sanitize rejected transports and API diagnostics
ok 141 - login, registration and collection requests sanitize rejected transports and API diagnostics
  ---
  duration_ms: 89.879207
  type: 'test'
  ...
# Subtest: request timeouts use the same connection message
ok 142 - request timeouts use the same connection message
  ---
  duration_ms: 34.615402
  type: 'test'
  ...
# "shadow*" style props are deprecated. Use "boxShadow".
# Subtest: garden search matches name, species and location without mutating either view
ok 143 - garden search matches name, species and location without mutating either view
  ---
  duration_ms: 11.284331
  type: 'test'
  ...
# Subtest: tab layout exposes only three primary tabs and retains hidden compatibility routes
ok 144 - tab layout exposes only three primary tabs and retains hidden compatibility routes
  ---
  duration_ms: 217.573322
  type: 'test'
  ...
# Subtest: custom tab bar stays visible on content routes and hides on scan routes
ok 145 - custom tab bar stays visible on content routes and hides on scan routes
  ---
  duration_ms: 35.597939
  type: 'test'
  ...
# Subtest: bottom navigation emits tab events, respects prevention and keeps Scan an action
ok 146 - bottom navigation emits tab events, respects prevention and keeps Scan an action
  ---
  duration_ms: 216.731204
  type: 'test'
  ...
# Subtest: My Spaces stays selected on Spaces and Space Details and opens the Spaces route
ok 147 - My Spaces stays selected on Spaces and Space Details and opens the Spaces route
  ---
  duration_ms: 95.333909
  type: 'test'
  ...
# Subtest: local and signed-in tab entry defaults to Dashboard
ok 148 - local and signed-in tab entry defaults to Dashboard
  ---
  duration_ms: 74.115687
  type: 'test'
  ...
# Subtest: tabs switch immediately with opaque scenes and preload only the three main screens
ok 149 - tabs switch immediately with opaque scenes and preload only the three main screens
  ---
  duration_ms: 65.526762
  type: 'test'
  ...
# Subtest: root stack preserves guards while native pushes reverse on Back and reduced motion disables them
ok 150 - root stack preserves guards while native pushes reverse on Back and reduced motion disables them
  ---
  duration_ms: 277.174225
  type: 'test'
  ...
# Subtest: collection entry points lead to My Spaces and Garden has no visible tab title
ok 151 - collection entry points lead to My Spaces and Garden has no visible tab title
  ---
  duration_ms: 9.965343
  type: 'test'
  ...
# Subtest: legacy camera redirect preserves target params; notifications lead to actionable tasks
ok 152 - legacy camera redirect preserves target params; notifications lead to actionable tasks
  ---
  duration_ms: 19.057749
  type: 'test'
  ...
# Subtest: dashboard puts plant overview directly after hardware and AI summary last
ok 153 - dashboard puts plant overview directly after hardware and AI summary last
  ---
  duration_ms: 1.281012
  type: 'test'
  ...
# Subtest: fresh anonymous and restored sessions traverse every slide and skip only the correct login
ok 154 - fresh anonymous and restored sessions traverse every slide and skip only the correct login
  ---
  duration_ms: 1557.471549
  type: 'test'
  ...
# Subtest: restore finishing on a middle slide leaves the same slide and guest/account setup untouched
ok 155 - restore finishing on a middle slide leaves the same slide and guest/account setup untouched
  ---
  duration_ms: 447.241991
  type: 'test'
  ...
# Subtest: final write denial keeps the last slide and its retry; completion waits for a replacement write
ok 156 - final write denial keeps the last slide and its retry; completion waits for a replacement write
  ---
  duration_ms: 76.995464
  type: 'test'
  ...
# Subtest: corrupt/browser-denied storage cannot admit restored sessions and does not erase disk data
ok 157 - corrupt/browser-denied storage cannot admit restored sessions and does not erase disk data
  ---
  duration_ms: 64.071121
  type: 'test'
  ...
# Subtest: native adapter reports missing binary and dispatches only to local module
ok 158 - native adapter reports missing binary and dispatches only to local module
  ---
  duration_ms: 253.131465
  type: 'test'
  ...
# Subtest: browser adapter persists distinct non-secret key and propagates storage denial
ok 159 - browser adapter persists distinct non-secret key and propagates storage denial
  ---
  duration_ms: 44.869491
  type: 'test'
  ...
# Subtest: static native contracts retain backup exclusion, atomic writes and credential isolation
ok 160 - static native contracts retain backup exclusion, atomic writes and credential isolation
  ---
  duration_ms: 2.382908
  type: 'test'
  ...
# Subtest: Expo Go preview persists completion across stores without loading the custom module
ok 161 - Expo Go preview persists completion across stores without loading the custom module
  ---
  duration_ms: 31.095767
  type: 'test'
  ...
# Subtest: Expo Go storage rejection stays retryable and never publishes completion early
ok 162 - Expo Go storage rejection stays retryable and never publishes completion early
  ---
  duration_ms: 22.887372
  type: 'test'
  ...
# Subtest: missing modules in standalone, development and unknown runtimes never use preview storage
ok 163 - missing modules in standalone, development and unknown runtimes never use preview storage
  ---
  duration_ms: 90.310173
  type: 'test'
  ...
# Subtest: fresh install only admits splash then intro for every authentication outcome and deep-link target
ok 164 - fresh install only admits splash then intro for every authentication outcome and deep-link target
  ---
  duration_ms: 1218.511464
  type: 'test'
  ...
# Subtest: bootstrap loading and storage errors cannot mount account navigation
ok 165 - bootstrap loading and storage errors cannot mount account navigation
  ---
  duration_ms: 107.431615
  type: 'test'
  ...
# Subtest: restore completion cannot change intro guards before a durable final action
ok 166 - restore completion cannot change intro guards before a durable final action
  ---
  duration_ms: 98.623695
  type: 'test'
  ...
# Subtest: splash timer advances install state rather than navigating around auth guards
ok 167 - splash timer advances install state rather than navigating around auth guards
  ---
  duration_ms: 24.954354
  type: 'test'
  ...
# Subtest: onboarding final action saves without navigating to login or marking garden setup
ok 168 - onboarding final action saves without navigating to login or marking garden setup
  ---
  duration_ms: 16.527925
  type: 'test'
  ...
# Subtest: all root routes are explicitly guarded, including forbidden deep-link destinations
ok 169 - all root routes are explicitly guarded, including forbidden deep-link destinations
  ---
  duration_ms: 264.069481
  type: 'test'
  ...
# Subtest: splash waits two seconds after marker bootstrap and clears its timer
ok 170 - splash waits two seconds after marker bootstrap and clears its timer
  ---
  duration_ms: 27.772899
  type: 'test'
  ...
# Subtest: missing marker starts splash, persists completion and reloads without repeating intro
ok 171 - missing marker starts splash, persists completion and reloads without repeating intro
  ---
  duration_ms: 5.531415
  type: 'test'
  ...
# Subtest: strict records reject malformed, unsupported and unexpected fields without overwriting
ok 172 - strict records reject malformed, unsupported and unexpected fields without overwriting
  ---
  duration_ms: 2.51266
  type: 'test'
  ...
# Subtest: read and write failures expose generic recovery and preserve incomplete state
ok 173 - read and write failures expose generic recovery and preserve incomplete state
  ---
  duration_ms: 0.989767
  type: 'test'
  ...
# Subtest: concurrent loads and final taps coalesce; listeners observe completion only after durable write
ok 174 - concurrent loads and final taps coalesce; listeners observe completion only after durable write
  ---
  duration_ms: 0.923838
  type: 'test'
  ...
# Subtest: synchronously throwing platform methods remain retryable
ok 175 - synchronously throwing platform methods remain retryable
  ---
  duration_ms: 0.639094
  type: 'test'
  ...
# Subtest: new state hydrates without writing defaults
ok 176 - new state hydrates without writing defaults
  ---
  duration_ms: 8.708518
  type: 'test'
  ...
# Subtest: account keys cannot overlap guest or other accounts
ok 177 - account keys cannot overlap guest or other accounts
  ---
  duration_ms: 0.568106
  type: 'test'
  ...
# Subtest: local profile survives reload without crossing account boundaries or requiring migration
ok 178 - local profile survives reload without crossing account boundaries or requiring migration
  ---
  duration_ms: 6.096474
  type: 'test'
  ...
# Subtest: serialized updates and remounted stores preserve independent changes
ok 179 - serialized updates and remounted stores preserve independent changes
  ---
  duration_ms: 2.493513
  type: 'test'
  ...
# Subtest: corrupt and future-version data are not overwritten
ok 180 - corrupt and future-version data are not overwritten
  ---
  duration_ms: 1.836684
  type: 'test'
  ...
# Subtest: failed write keeps committed state and queue remains usable
ok 181 - failed write keeps committed state and queue remains usable
  ---
  duration_ms: 3.406421
  type: 'test'
  ...
# Subtest: complete setup and care schedule survive a new store
ok 182 - complete setup and care schedule survive a new store
  ---
  duration_ms: 4.625993
  type: 'test'
  ...
# Subtest: invalid choices, duplicate spaces, and impossible steps fail validation
ok 183 - invalid choices, duplicate spaces, and impossible steps fail validation
  ---
  duration_ms: 1.331349
  type: 'test'
  ...
# Subtest: care defaults vary by plant and light and reject unsafe input ranges
ok 184 - care defaults vary by plant and light and reject unsafe input ranges
  ---
  duration_ms: 1.837476
  type: 'test'
  ...
# Subtest: missing navigation defaults to focused on initial and telemetry re-renders
ok 185 - missing navigation defaults to focused on initial and telemetry re-renders
  ---
  duration_ms: 260.21481
  type: 'test'
  ...
# Subtest: navigation focus and blur are observed and both listeners are cleaned up
ok 186 - navigation focus and blur are observed and both listeners are cleaned up
  ---
  duration_ms: 58.663836
  type: 'test'
  ...
# Subtest: plant care view renders saved guidance, missing-data warning and history without interpreting HTML
ok 187 - plant care view renders saved guidance, missing-data warning and history without interpreting HTML
  ---
  duration_ms: 330.154768
  type: 'test'
  ...
# Subtest: plant care view labels stale readings and does not invent a diagnosis for an unscanned plant
ok 188 - plant care view labels stale readings and does not invent a diagnosis for an unscanned plant
  ---
  duration_ms: 180.833893
  type: 'test'
  ...
# Subtest: telemetry guidance distinguishes fresh, stale, missing, failed, simulated and unverified data
ok 189 - telemetry guidance distinguishes fresh, stale, missing, failed, simulated and unverified data
  ---
  duration_ms: 3.308679
  type: 'test'
  ...
# Subtest: guidance selects the latest diagnosis and pending tasks only for the requested plant
ok 190 - guidance selects the latest diagnosis and pending tasks only for the requested plant
  ---
  duration_ms: 1.974954
  type: 'test'
  ...
# Subtest: guidance API includes an encoded plant filter and preserves unfiltered history
ok 191 - guidance API includes an encoded plant filter and preserves unfiltered history
  ---
  duration_ms: 79.818175
  type: 'test'
  ...
# Subtest: profile sibling identity remains unique while editing and changes with the plant
ok 192 - profile sibling identity remains unique while editing and changes with the plant
  ---
  duration_ms: 449.044902
  type: 'test'
  ...
# Subtest: production profile renders unpaired from one BFF
ok 193 - production profile renders unpaired from one BFF
  ---
  duration_ms: 199.331603
  type: 'test'
  ...
# Subtest: production profile renders waiting from one BFF
ok 194 - production profile renders waiting from one BFF
  ---
  duration_ms: 123.140977
  type: 'test'
  ...
# Subtest: production profile renders zero metrics from one BFF
ok 195 - production profile renders zero metrics from one BFF
  ---
  duration_ms: 164.24477
  type: 'test'
  ...
# Subtest: production profile reports malformed BFF distinctly and retry recovers
ok 196 - production profile reports malformed BFF distinctly and retry recovers
  ---
  duration_ms: 106.455346
  type: 'test'
  ...
# Subtest: production profile aborts obsolete plant/session responses and refocus observes reassignment
ok 197 - production profile aborts obsolete plant/session responses and refocus observes reassignment
  ---
  duration_ms: 93.136245
  type: 'test'
  ...
# Subtest: collection hydration, retry, missing metadata and controls use AppData
ok 198 - collection hydration, retry, missing metadata and controls use AppData
  ---
  duration_ms: 124.035968
  type: 'test'
  ...
# Subtest: malformed profile target undefined is safe
ok 199 - malformed profile target undefined is safe
  ---
  duration_ms: 118.857191
  type: 'test'
  ...
# Subtest: malformed profile target "" is safe
ok 200 - malformed profile target "" is safe
  ---
  duration_ms: 97.459558
  type: 'test'
  ...
# Subtest: malformed profile target "bad-id" is safe
ok 201 - malformed profile target "bad-id" is safe
  ---
  duration_ms: 90.110366
  type: 'test'
  ...
# Subtest: malformed profile target ["11111111-1111-4111-8111-111111111111"] is safe
ok 202 - malformed profile target ["11111111-1111-4111-8111-111111111111"] is safe
  ---
  duration_ms: 130.437546
  type: 'test'
  ...
# Subtest: guest metadata retains scanning and care without BFF reads
ok 203 - guest metadata retains scanning and care without BFF reads
  ---
  duration_ms: 62.141115
  type: 'test'
  ...
# Subtest: refresh coalesces, stop aborts, late results are suppressed
ok 204 - refresh coalesces, stop aborts, late results are suppressed
  ---
  duration_ms: 3.102839
  type: 'test'
  ...
# Subtest: restart fences old failures and publishes new data
ok 205 - restart fences old failures and publishes new data
  ---
  duration_ms: 2.129535
  type: 'test'
  ...
# Subtest: passing image returns exactly the requested contract on every platform
ok 206 - passing image returns exactly the requested contract on every platform
  ---
  duration_ms: 5.439116
  type: 'test'
  ...
# Subtest: uses JPEG bytes rather than base64 length and rejects below the 50 KiB boundary
ok 207 - uses JPEG bytes rather than base64 length and rejects below the 50 KiB boundary
  ---
  duration_ms: 1.525609
  type: 'test'
  ...
# Subtest: base64 padding is excluded from file size without decoding pixels
ok 208 - base64 padding is excluded from file size without decoding pixels
  ---
  duration_ms: 1.446836
  type: 'test'
  ...
# Subtest: missing and malformed base64 reject instead of failing open
ok 209 - missing and malformed base64 reject instead of failing open
  ---
  duration_ms: 4.76329
  type: 'test'
  ...
# Subtest: undersized dimensions reject independently of file size in portrait and landscape
ok 210 - undersized dimensions reject independently of file size in portrait and landscape
  ---
  duration_ms: 1.113267
  type: 'test'
  ...
# Subtest: invalid dimension metadata rejects safely
ok 211 - invalid dimension metadata rejects safely
  ---
  duration_ms: 5.699832
  type: 'test'
  ...
# Subtest: cancelled session never produces a passing result
ok 212 - cancelled session never produces a passing result
  ---
  duration_ms: 5.513529
  type: 'test'
  ...
# Subtest: animated press feedback forwards native measurement refs, accessibility and action callbacks unchanged
ok 213 - animated press feedback forwards native measurement refs, accessibility and action callbacks unchanged
  ---
  duration_ms: 264.50169
  type: 'test'
  ...
# Subtest: web accessibility states map to ARIA without overriding explicit false values or altering native states
ok 214 - web accessibility states map to ARIA without overriding explicit false values or altering native states
  ---
  duration_ms: 172.252364
  type: 'test'
  ...
# Subtest: pressed style callbacks and existing transforms remain intact through subtle compression and spring release
ok 215 - pressed style callbacks and existing transforms remain intact through subtle compression and spring release
  ---
  duration_ms: 36.075899
  type: 'test'
  ...
# Subtest: feedback uses native animation on iOS and Android, and a web animation driver in the browser
ok 216 - feedback uses native animation on iOS and Android, and a web animation driver in the browser
  ---
  duration_ms: 160.642878
  type: 'test'
  ...
# Subtest: web hover state and hover callbacks remain interactive alongside pressed feedback
ok 217 - web hover state and hover callbacks remain interactive alongside pressed feedback
  ---
  duration_ms: 49.21015
  type: 'test'
  ...
# Subtest: disabled and reduced-motion buttons retain readable pressed styling without scale animations
ok 218 - disabled and reduced-motion buttons retain readable pressed styling without scale animations
  ---
  duration_ms: 130.978308
  type: 'test'
  ...
# Subtest: changing motion preference or disabling a held button cancels its running feedback
ok 219 - changing motion preference or disabling a held button cancels its running feedback
  ---
  duration_ms: 74.925826
  type: 'test'
  ...
# Subtest: string CSS transforms are preserved instead of overwritten by native transform feedback
ok 220 - string CSS transforms are preserved instead of overwritten by native transform feedback
  ---
  duration_ms: 57.074234
  type: 'test'
  ...
# Subtest: reduced motion stays conservative until the initial device preference is known
ok 221 - reduced motion stays conservative until the initial device preference is known
  ---
  duration_ms: 119.803772
  type: 'test'
  ...
# Subtest: live reduced-motion changes override an older in-flight preference query
ok 222 - live reduced-motion changes override an older in-flight preference query
  ---
  duration_ms: 14.155469
  type: 'test'
  ...
# Subtest: preference failures keep motion disabled while live preference changes still work
ok 223 - preference failures keep motion disabled while live preference changes still work
  ---
  duration_ms: 28.13823
  type: 'test'
  ...
# Subtest: unmount removes the preference listener and ignores late query and event updates
ok 224 - unmount removes the preference listener and ignores late query and event updates
  ---
  duration_ms: 15.714012
  type: 'test'
  ...
# Subtest: crop preview maps portrait, landscape and zoomed edges to square image bounds
ok 225 - crop preview maps portrait, landscape and zoomed edges to square image bounds
  ---
  duration_ms: 13.179471
  type: 'test'
  ...
# Subtest: gallery denial, permanent denial, cancellation and invalid assets do not prepare or save a photo
ok 226 - gallery denial, permanent denial, cancellation and invalid assets do not prepare or save a photo
  ---
  duration_ms: 1.873747
  type: 'test'
  ...
# Subtest: gallery selection normalizes the chosen photo before cropping and propagates preparation errors
ok 227 - gallery selection normalizes the chosen photo before cropping and propagates preparation errors
  ---
  duration_ms: 0.987302
  type: 'test'
  ...
# Subtest: cropped photos copy to documents before persistence; failed saves preserve the previous avatar
ok 228 - cropped photos copy to documents before persistence; failed saves preserve the previous avatar
  ---
  duration_ms: 1.137163
  type: 'test'
  ...
# Subtest: local profile validation accepts managed image files and preserves existing URL photos
ok 229 - local profile validation accepts managed image files and preserves existing URL photos
  ---
  duration_ms: 3.085394
  type: 'test'
  ...
# Subtest: active frontend source uses Router-provided navigation modules
ok 230 - active frontend source uses Router-provided navigation modules
  ---
  duration_ms: 1048.855269
  type: 'test'
  ...
# Subtest: current no-plant codes and legacy provider JSON become helpful guidance
ok 231 - current no-plant codes and legacy provider JSON become helpful guidance
  ---
  duration_ms: 20.70159
  type: 'test'
  ...
# Subtest: scan failures have actionable messages without diagnostic passthrough
ok 232 - scan failures have actionable messages without diagnostic passthrough
  ---
  duration_ms: 1.454591
  type: 'test'
  ...
# Subtest: provider configuration failures are not mistaken for user authentication or bad photos
ok 233 - provider configuration failures are not mistaken for user authentication or bad photos
  ---
  duration_ms: 1.29521
  type: 'test'
  ...
# Subtest: patch failure retains report and retry only synchronizes
ok 234 - patch failure retains report and retry only synchronizes
  ---
  duration_ms: 23.140913
  type: 'test'
  ...
# Subtest: refetch retry skips a completed patch and guards duplicate scans
ok 235 - refetch retry skips a completed patch and guards duplicate scans
  ---
  duration_ms: 6.155379
  type: 'test'
  ...
# Subtest: cancelled scan suppresses late completion and never patches
ok 236 - cancelled scan suppresses late completion and never patches
  ---
  duration_ms: 0.919078
  type: 'test'
  ...
# Subtest: a scan for the wrong plant is rejected before any state mutation
ok 237 - a scan for the wrong plant is rejected before any state mutation
  ---
  duration_ms: 1.962019
  type: 'test'
  ...
# Subtest: a mismatched refreshed plant never enters the completed scan state
ok 238 - a mismatched refreshed plant never enters the completed scan state
  ---
  duration_ms: 5.668283
  type: 'test'
  ...
# Subtest: endSession is idempotent and clears successful and failed flow snapshots
ok 239 - endSession is idempotent and clears successful and failed flow snapshots
  ---
  duration_ms: 4.601934
  type: 'test'
  ...
# Subtest: closed scan resolve cannot alter or unlock a new pending scan
ok 240 - closed scan resolve cannot alter or unlock a new pending scan
  ---
  duration_ms: 2.305397
  type: 'test'
  ...
# Subtest: closed scan reject cannot alter or unlock a new pending scan
ok 241 - closed scan reject cannot alter or unlock a new pending scan
  ---
  duration_ms: 0.836948
  type: 'test'
  ...
# Subtest: closed update resolve cannot alter or unlock a new pending scan
ok 242 - closed update resolve cannot alter or unlock a new pending scan
  ---
  duration_ms: 6.752291
  type: 'test'
  ...
# Subtest: closed update reject cannot alter or unlock a new pending scan
ok 243 - closed update reject cannot alter or unlock a new pending scan
  ---
  duration_ms: 1.337703
  type: 'test'
  ...
# Subtest: closed fetch resolve cannot alter or unlock a new pending scan
ok 244 - closed fetch resolve cannot alter or unlock a new pending scan
  ---
  duration_ms: 0.68344
  type: 'test'
  ...
# Subtest: closed fetch reject cannot alter or unlock a new pending scan
ok 245 - closed fetch reject cannot alter or unlock a new pending scan
  ---
  duration_ms: 0.64764
  type: 'test'
  ...
# Subtest: saved result shows the actual 1-task count and routes to Care Tasks
ok 246 - saved result shows the actual 1-task count and routes to Care Tasks
  ---
  duration_ms: 1071.869707
  type: 'test'
  ...
# Subtest: saved result shows the actual 2-task count and routes to Care Tasks
ok 247 - saved result shows the actual 2-task count and routes to Care Tasks
  ---
  duration_ms: 463.650347
  type: 'test'
  ...
# Subtest: review fallback is counted as one saved task with readable explanation
ok 248 - review fallback is counted as one saved task with readable explanation
  ---
  duration_ms: 327.6529
  type: 'test'
  ...
# Subtest: failed synchronization retains tasks without false success; retry never scans again
ok 249 - failed synchronization retains tasks without false success; retry never scans again
  ---
  duration_ms: 213.582356
  type: 'test'
  ...
# Subtest: provider failure cannot display a saved-task result
ok 250 - provider failure cannot display a saved-task result
  ---
  duration_ms: 174.158213
  type: 'test'
  ...
# Subtest: scanner gates capture on readiness and blocks duplicate captures
ok 251 - scanner gates capture on readiness and blocks duplicate captures
  ---
  duration_ms: 1022.854597
  type: 'test'
  ...
# Subtest: scanner preserves target forwarding and New Scan readiness
ok 252 - scanner preserves target forwarding and New Scan readiness
  ---
  duration_ms: 312.022381
  type: 'test'
  ...
# Subtest: missing and oversized camera payloads never reach the scan provider
ok 253 - missing and oversized camera payloads never reach the scan provider
  ---
  duration_ms: 400.656593
  type: 'test'
  ...
# Subtest: failed scan can Retake, and Retry Sync preserves diagnosis within the visit
ok 254 - failed scan can Retake, and Retry Sync preserves diagnosis within the visit
  ---
  duration_ms: 192.90683
  type: 'test'
  ...
# Subtest: guest, permission-denied, unfocused and background states cannot capture
ok 255 - guest, permission-denied, unfocused and background states cannot capture
  ---
  duration_ms: 196.58009
  type: 'test'
  ...
# Subtest: hook clears reports on route exit but preserves retry state across backgrounding
ok 256 - hook clears reports on route exit but preserves retry state across backgrounding
  ---
  duration_ms: 153.953508
  type: 'test'
  ...
# Subtest: hook unmount aborts an outstanding request and drops the transient report
ok 257 - hook unmount aborts an outstanding request and drops the transient report
  ---
  duration_ms: 152.417348
  type: 'test'
  ...
# Subtest: X clears failed photos and results Back permits three independent scan visits
ok 258 - X clears failed photos and results Back permits three independent scan visits
  ---
  duration_ms: 193.018745
  type: 'test'
  ...
# Subtest: X during capture: late resolve cannot unlock or replace the reopened capture
ok 259 - X during capture: late resolve cannot unlock or replace the reopened capture
  ---
  duration_ms: 156.809426
  type: 'test'
  ...
# Subtest: X during capture: late reject cannot unlock or replace the reopened capture
ok 260 - X during capture: late reject cannot unlock or replace the reopened capture
  ---
  duration_ms: 131.627317
  type: 'test'
  ...
# Subtest: leaving during scan: stale resolve produces no state or feedback in the next visit
ok 261 - leaving during scan: stale resolve produces no state or feedback in the next visit
  ---
  duration_ms: 121.538643
  type: 'test'
  ...
# Subtest: leaving during scan: stale reject produces no state or feedback in the next visit
ok 262 - leaving during scan: stale reject produces no state or feedback in the next visit
  ---
  duration_ms: 202.905925
  type: 'test'
  ...
# Subtest: leaving during update: stale resolve produces no state or feedback in the next visit
ok 263 - leaving during update: stale resolve produces no state or feedback in the next visit
  ---
  duration_ms: 144.128045
  type: 'test'
  ...
# Subtest: leaving during update: stale reject produces no state or feedback in the next visit
ok 264 - leaving during update: stale reject produces no state or feedback in the next visit
  ---
  duration_ms: 146.34046
  type: 'test'
  ...
# Subtest: leaving during fetch: stale resolve produces no state or feedback in the next visit
ok 265 - leaving during fetch: stale resolve produces no state or feedback in the next visit
  ---
  duration_ms: 111.331548
  type: 'test'
  ...
# Subtest: leaving during fetch: stale reject produces no state or feedback in the next visit
ok 266 - leaving during fetch: stale reject produces no state or feedback in the next visit
  ---
  duration_ms: 107.686465
  type: 'test'
  ...
# Subtest: old camera callbacks cannot ready or break a new preview; mount/permission recovery works
ok 267 - old camera callbacks cannot ready or break a new preview; mount/permission recovery works
  ---
  duration_ms: 127.307483
  type: 'test'
  ...
# Subtest: late permission rejection and unmounted capture cannot write into a later session
ok 268 - late permission rejection and unmounted capture cannot write into a later session
  ---
  duration_ms: 111.349191
  type: 'test'
  ...
# Subtest: untargeted reentry drops old route context and later targeted entry uses new context
ok 269 - untargeted reentry drops old route context and later targeted entry uses new context
  ---
  duration_ms: 120.04703
  type: 'test'
  ...
# Subtest: backgrounded capture cannot keep the foreground preview locked
ok 270 - backgrounded capture cannot keep the foreground preview locked
  ---
  duration_ms: 123.241948
  type: 'test'
  ...
# Subtest: development effect cleanup/setup replay leaves a readyable camera
ok 271 - development effect cleanup/setup replay leaves a readyable camera
  ---
  duration_ms: 89.204576
  type: 'test'
  ...
# Subtest: late Retry Sync finalizer cannot unlock a newly reopened capture
ok 272 - late Retry Sync finalizer cannot unlock a newly reopened capture
  ---
  duration_ms: 80.853704
  type: 'test'
  ...
# Subtest: scanner waits for validation, locks duplicate taps and submits a passing capture once
ok 273 - scanner waits for validation, locks duplicate taps and submits a passing capture once
  ---
  duration_ms: 709.407589
  type: 'test'
  ...
# Subtest: image_too_small never uploads and retake clears feedback
ok 274 - image_too_small never uploads and retake clears feedback
  ---
  duration_ms: 307.866691
  type: 'test'
  ...
# Subtest: low_resolution never uploads and retake clears feedback
ok 275 - low_resolution never uploads and retake clears feedback
  ---
  duration_ms: 218.620639
  type: 'test'
  ...
# Subtest: invalid_image never uploads and retake clears feedback
ok 276 - invalid_image never uploads and retake clears feedback
  ---
  duration_ms: 203.314936
  type: 'test'
  ...
# Subtest: cancelled never uploads and retake clears feedback
ok 277 - cancelled never uploads and retake clears feedback
  ---
  duration_ms: 197.222243
  type: 'test'
  ...
# Subtest: leaving via close aborts validation and ignores a late passing result
ok 278 - leaving via close aborts validation and ignores a late passing result
  ---
  duration_ms: 139.812657
  type: 'test'
  ...
# Subtest: leaving via route aborts validation and ignores a late passing result
ok 279 - leaving via route aborts validation and ignores a late passing result
  ---
  duration_ms: 120.530153
  type: 'test'
  ...
# Subtest: leaving via background aborts validation and ignores a late passing result
ok 280 - leaving via background aborts validation and ignores a late passing result
  ---
  duration_ms: 152.955823
  type: 'test'
  ...
# Subtest: leaving via signout aborts validation and ignores a late passing result
ok 281 - leaving via signout aborts validation and ignores a late passing result
  ---
  duration_ms: 149.845992
  type: 'test'
  ...
# Subtest: leaving via permission aborts validation and ignores a late passing result
ok 282 - leaving via permission aborts validation and ignores a late passing result
  ---
  duration_ms: 127.812533
  type: 'test'
  ...
# Subtest: leaving via unmount aborts validation and ignores a late passing result
ok 283 - leaving via unmount aborts validation and ignores a late passing result
  ---
  duration_ms: 115.67922
  type: 'test'
  ...
# Subtest: old validation cannot overwrite or unlock a new capture session
ok 284 - old validation cannot overwrite or unlock a new capture session
  ---
  duration_ms: 100.60855
  type: 'test'
  ...
# Subtest: real JS scanner validator rejects small_file before upload
ok 285 - real JS scanner validator rejects small_file before upload
  ---
  duration_ms: 120.839803
  type: 'test'
  ...
# Subtest: real JS scanner validator rejects small_dimensions before upload
ok 286 - real JS scanner validator rejects small_dimensions before upload
  ---
  duration_ms: 133.701504
  type: 'test'
  ...
# Subtest: real JS scanner validator rejects missing_dimensions before upload
ok 287 - real JS scanner validator rejects missing_dimensions before upload
  ---
  duration_ms: 113.986274
  type: 'test'
  ...
# Subtest: logout during refresh discards late rotation and clears secure credential
ok 288 - logout during refresh discards late rotation and clears secure credential
  ---
  duration_ms: 66.853976
  type: 'test'
  ...
# Subtest: secure storage read failure is explicit, retryable, and never reaches network
ok 289 - secure storage read failure is explicit, retryable, and never reaches network
  ---
  duration_ms: 1.493186
  type: 'test'
  ...
# Subtest: login 401 is not refreshed, password whitespace survives, account switch broadcasts
ok 290 - login 401 is not refreshed, password whitespace survives, account switch broadcasts
  ---
  duration_ms: 3.13985
  type: 'test'
  ...
# Subtest: browser coordinators use the same exclusive lock across tabs
ok 291 - browser coordinators use the same exclusive lock across tabs
  ---
  duration_ms: 51.814128
  type: 'test'
  ...
# Subtest: profile name updates use authenticated PATCH and publish validated server identity
ok 292 - profile name updates use authenticated PATCH and publish validated server identity
  ---
  duration_ms: 81.487294
  type: 'test'
  ...
# Subtest: late profile update cannot restore identity after switching to local access
ok 293 - late profile update cannot restore identity after switching to local access
  ---
  duration_ms: 5.417985
  type: 'test'
  ...
# Subtest: native restore persists rotation before profile and publishes only validated identity
ok 294 - native restore persists rotation before profile and publishes only validated identity
  ---
  duration_ms: 14.464619
  type: 'test'
  ...
# Subtest: browser bootstrap uses empty JSON, CSRF, cookies and no bearer [redacted] token [redacted]
ok 295 - browser bootstrap uses empty JSON, CSRF, cookies and no bearer [redacted] token [redacted]
  ---
  duration_ms: 14.683907
  type: 'test'
  ...
# Subtest: concurrent 401s single-flight refresh; cancelling a waiter does not abort rotation
ok 296 - concurrent 401s single-flight refresh; cancelling a waiter does not abort rotation
  ---
  duration_ms: 9.702492
  type: 'test'
  ...
# Subtest: late stale 401 reuses newer token [redacted] a second rotation
ok 297 - late stale 401 reuses newer token [redacted] a second rotation
  ---
  duration_ms: 13.874461
  type: 'test'
  ...
# Subtest: 403 and network mutation failures do not refresh or retry
ok 298 - 403 and network mutation failures do not refresh or retry
  ---
  duration_ms: 5.432833
  type: 'test'
  ...
# Subtest: retry is bounded to one, and repeated 401 invalidates session
ok 299 - retry is bounded to one, and repeated 401 invalidates session
  ---
  duration_ms: 14.10982
  type: 'test'
  ...
# Subtest: ambiguous native rotation failure erases consumed credential and does not retry
ok 300 - ambiguous native rotation failure erases consumed credential and does not retry
  ---
  duration_ms: 64.598868
  type: 'test'
  ...
# Subtest: SecureStore write failure never publishes access token
ok 301 - SecureStore write failure never publishes access token
  ---
  duration_ms: 16.818232
  type: 'test'
  ...
# Subtest: transient profile failure retains rotated credential and retries profile only
ok 302 - transient profile failure retains rotated credential and retries profile only
  ---
  duration_ms: 8.351852
  type: 'test'
  ...
# Subtest: logout cancels pending private request, accepts 204, and guest cannot hit private API
ok 303 - logout cancels pending private request, accepts 204, and guest cannot hit private API
  ---
  duration_ms: 5.860846
  type: 'test'
  ...
# Subtest: browser fallback fails closed without invoking refresh when Web Locks unavailable
ok 304 - browser fallback fails closed without invoking refresh when Web Locks unavailable
  ---
  duration_ms: 0.927284
  type: 'test'
  ...
# Subtest: restore: hanging profile times out, retains credentials and retries without authenticating again
ok 305 - restore: hanging profile times out, retains credentials and retries without authenticating again
  ---
  duration_ms: 26.57625
  type: 'test'
  ...
# Subtest: login: hanging profile times out, retains credentials and retries without authenticating again
ok 306 - login: hanging profile times out, retains credentials and retries without authenticating again
  ---
  duration_ms: 31.331325
  type: 'test'
  ...
# Subtest: register: hanging profile times out, retains credentials and retries without authenticating again
ok 307 - register: hanging profile times out, retains credentials and retries without authenticating again
  ---
  duration_ms: 43.328201
  type: 'test'
  ...
# Subtest: local profile edits persist while account names use the real profile endpoint
ok 308 - local profile edits persist while account names use the real profile endpoint
  ---
  duration_ms: 211.010568
  type: 'test'
  ...
# Subtest: profile photo persistence preserves names and isolates late writes across session changes
ok 309 - profile photo persistence preserves names and isolates late writes across session changes
  ---
  duration_ms: 30.556518
  type: 'test'
  ...
# Subtest: login offers account-free Dashboard entry without calling real sign-in
ok 310 - login offers account-free Dashboard entry without calling real sign-in
  ---
  duration_ms: 82.273086
  type: 'test'
  ...
# Subtest: profile keeps independent Rename, removes duplicate rows and gates account settings
ok 311 - profile keeps independent Rename, removes duplicate rows and gates account settings
  ---
  duration_ms: 210.4031
  type: 'test'
  ...
# Subtest: circular crop controls adjust image bounds, guard duplicate saves, keep errors retryable and cancel without saving
ok 312 - circular crop controls adjust image bounds, guard duplicate saves, keep errors retryable and cancel without saving
  ---
  duration_ms: 109.5753
  type: 'test'
  ...
# Subtest: fresh local entry opens Dashboard once, keeps setup optional, and permits later sign-in
ok 313 - fresh local entry opens Dashboard once, keeps setup optional, and permits later sign-in
  ---
  duration_ms: 72.8723
  type: 'test'
  ...
# Subtest: Guest cards open the selected space and its manual-add flow, persist data, and have no Garden entry
ok 314 - Guest cards open the selected space and its manual-add flow, persist data, and have no Garden entry
  ---
  duration_ms: 399.209863
  type: 'test'
  ...
# Subtest: space suggestions fill an editable name without creating a space and preserve custom-name saves in both sessions
ok 315 - space suggestions fill an editable name without creating a space and preserve custom-name saves in both sessions
  ---
  duration_ms: 195.235248
  type: 'test'
  ...
# Subtest: space-card counts stay beside their names and update with the current plant groups
ok 316 - space-card counts stay beside their names and update with the current plant groups
  ---
  duration_ms: 64.724654
  type: 'test'
  ...
# Subtest: detail cards keep cover photos above white name footers with bottom-right anchored menus and photo fallbacks
ok 317 - detail cards keep cover photos above white name footers with bottom-right anchored menus and photo fallbacks
  ---
  duration_ms: 166.99571
  type: 'test'
  ...
# Subtest: horizontal dots match measured dimensions and colors within an invisible accessible touch area
ok 318 - horizontal dots match measured dimensions and colors within an invisible accessible touch area
  ---
  duration_ms: 12.539825
  type: 'test'
  ...
# Subtest: reference dropdown has 75 by 32 pills, Inter Semi Bold labels and exact visible-dot anchoring
ok 319 - reference dropdown has 75 by 32 pills, Inter Semi Bold labels and exact visible-dot anchoring
  ---
  duration_ms: 13.06187
  type: 'test'
  ...
# Subtest: space dots measure their actual window position and stop card navigation
ok 320 - space dots measure their actual window position and stop card navigation
  ---
  duration_ms: 10.187768
  type: 'test'
  ...
# Subtest: dropdown overlay converts coordinates, pops open, closes outside and respects reduced motion
ok 321 - dropdown overlay converts coordinates, pops open, closes outside and respects reduced motion
  ---
  duration_ms: 101.625438
  type: 'test'
  ...
# Subtest: plus dropdown is left of its trigger and stays within narrow screen bounds
ok 322 - plus dropdown is left of its trigger and stays within narrow screen bounds
  ---
  duration_ms: 10.408457
  type: 'test'
  ...
# Subtest: dropdowns close on navigation blur and release native Back listeners on close and unmount
ok 323 - dropdowns close on navigation blur and release native Back listeners on close and unmount
  ---
  duration_ms: 27.986898
  type: 'test'
  ...
# Subtest: large-text add menus widen and wrap while retaining the gap beside the plus on narrow screens
ok 324 - large-text add menus widen and wrap while retaining the gap beside the plus on narrow screens
  ---
  duration_ms: 677.121723
  type: 'test'
  ...
# Subtest: plus opens only Scan Plant and Add a Plant beside it, dismisses outside, and preserves flows in both sessions
ok 325 - plus opens only Scan Plant and Add a Plant beside it, dismisses outside, and preserves flows in both sessions
  ---
  duration_ms: 111.896649
  type: 'test'
  ...
# Subtest: anchored dropdown sits below dots, closes outside or on selection, and confirms destructive changes
ok 326 - anchored dropdown sits below dots, closes outside or on selection, and confirms destructive changes
  ---
  duration_ms: 37.328257
  type: 'test'
  ...
# Subtest: space Archive and Delete use existing persistence, confirm deletion, and retain failed changes
ok 327 - space Archive and Delete use existing persistence, confirm deletion, and retain failed changes
  ---
  duration_ms: 21.910591
  type: 'test'
  ...
# Subtest: detail archive is scoped to the viewed space, with separate compact styling and retained fade dismissal
ok 328 - detail archive is scoped to the viewed space, with separate compact styling and retained fade dismissal
  ---
  duration_ms: 21.222282
  type: 'test'
  ...
# Subtest: plant menus are separate from spaces and gate unsupported Archive and guest deletion
ok 329 - plant menus are separate from spaces and gate unsupported Archive and guest deletion
  ---
  duration_ms: 22.401938
  type: 'test'
  ...
# Subtest: long press plant removal can be cancelled and only commits confirmed successful account deletion
ok 330 - long press plant removal can be cancelled and only commits confirmed successful account deletion
  ---
  duration_ms: 51.013611
  type: 'test'
  ...
# Subtest: completed installations exclude introductory routes for authenticated sessions
ok 331 - completed installations exclude introductory routes for authenticated sessions
  ---
  duration_ms: 327.434157
  type: 'test'
  ...
# Subtest: anonymous, pending setup, completed and skipped setup retain route guards
ok 332 - anonymous, pending setup, completed and skipped setup retain route guards
  ---
  duration_ms: 276.114782
  type: 'test'
  ...
# Subtest: restore and local failures expose recovery before account routes
ok 333 - restore and local failures expose recovery before account routes
  ---
  duration_ms: 213.49679
  type: 'test'
  ...
# Subtest: guest navigation waits for readiness and reduced motion disables transitions
ok 334 - guest navigation waits for readiness and reduced motion disables transitions
  ---
  duration_ms: 128.921993
  type: 'test'
  ...
# Subtest: saved setup step redirects mismatched deep links
ok 335 - saved setup step redirects mismatched deep links
  ---
  duration_ms: 14.805572
  type: 'test'
  ...
# Subtest: all 193 samples are chronological without mutating API order or losing null/zero light
ok 336 - all 193 samples are chronological without mutating API order or losing null/zero light
  ---
  duration_ms: 4.769012
  type: 'test'
  ...
# Subtest: seed client posts and preserves server device linkage and simulation marker
ok 337 - seed client posts and preserves server device linkage and simulation marker
  ---
  duration_ms: 67.275535
  type: 'test'
  ...
1..337
# tests 337
# suites 0
# pass 337
# fail 0
# cancelled 0
# skipped 0
# todo 0
# duration_ms 17066.99591
TAP version 13
# (node:131184) ExperimentalWarning: Module mocking is an experimental feature and might change at any time
# (Use `node --trace-warnings ...` to show where the warning was created)
# [AI] /analyze error: SCAN_AI_CONFIGURATION
# [AI] /analyze error: SCAN_AI_CONFIGURATION
# Subtest: legacy analysis route recovers from missing config, rotates keys, and sanitizes upstream rejection
ok 1 - legacy analysis route recovers from missing config, rotates keys, and sanitizes upstream rejection
  ---
  duration_ms: 216.69418
  type: 'test'
  ...
# (node:131185) ExperimentalWarning: Module mocking is an experimental feature and might change at any time
# (Use `node --trace-warnings ...` to show where the warning was created)
# Subtest: registration normalizes email, hashes exact password, rejects privileged fields and duplicates
ok 2 - registration normalizes email, hashes exact password, rejects privileged fields and duplicates
  ---
  duration_ms: 3929.078045
  type: 'test'
  ...
# Subtest: registration and login accept 8–128 characters and reject out-of-range passwords
ok 3 - registration and login accept 8–128 characters and reject out-of-range passwords
  ---
  duration_ms: 3182.012078
  type: 'test'
  ...
# Subtest: unknown and wrong-password login have the same generic response
ok 4 - unknown and wrong-password login have the same generic response
  ---
  duration_ms: 1341.088306
  type: 'test'
  ...
# Subtest: rotation stores only hashes; replay revokes replacement access and refresh
ok 5 - rotation stores only hashes; replay revokes replacement access and refresh
  ---
  duration_ms: 551.919617
  type: 'test'
  ...
# Subtest: concurrent refresh permits one consume then revokes the session on replay
ok 6 - concurrent refresh permits one consume then revokes the session on replay
  ---
  duration_ms: 582.425155
  type: 'test'
  ...
# Subtest: profile allowlist, logout, logout-all and inactive users
ok 7 - profile allowlist, logout, logout-all and inactive users
  ---
  duration_ms: 1506.419038
  type: 'test'
  ...
# Subtest: JWT issuer, audience, algorithm, expiry and signature are enforced
ok 8 - JWT issuer, audience, algorithm, expiry and signature are enforced
  ---
  duration_ms: 457.483598
  type: 'test'
  ...
# Subtest: browser refresh is cookie-only with secure attributes and explicit origin/CSRF checks
ok 9 - browser refresh is cookie-only with secure attributes and explicit origin/CSRF checks
  ---
  duration_ms: 413.24355
  type: 'test'
  ...
# (node:131191) ExperimentalWarning: Module mocking is an experimental feature and might change at any time
# (Use `node --trace-warnings ...` to show where the warning was created)
# Subtest: real JWT middleware and ownership stop unauthorized seeding before writes
ok 10 - real JWT middleware and ownership stop unauthorized seeding before writes
  ---
  duration_ms: 881.809657
  type: 'test'
  ...
# Subtest: deterministic curves have 193 samples, prescribed bounds and one watering jump
ok 11 - deterministic curves have 193 samples, prescribed bounds and one watering jump
  ---
  duration_ms: 38.082003
  type: 'test'
  ...
# Subtest: seeding links one virtual device; repeats and concurrent requests retain only 193 readings
ok 12 - seeding links one virtual device; repeats and concurrent requests retain only 193 readings
  ---
  duration_ms: 126.800915
  type: 'test'
  ...
# Subtest: history and latest are owner-scoped and retrieve the complete demo batch
ok 13 - history and latest are owner-scoped and retrieve the complete demo batch
  ---
  duration_ms: 91.65358
  type: 'test'
  ...
# Subtest: hardware ingestion cannot contaminate demo data; hardware links are preserved
ok 14 - hardware ingestion cannot contaminate demo data; hardware links are preserved
  ---
  duration_ms: 49.858573
  type: 'test'
  ...
# Subtest: demo seeding cannot reuse a device belonging to another owner or plant
ok 15 - demo seeding cannot reuse a device belonging to another owner or plant
  ---
  duration_ms: 42.162315
  type: 'test'
  ...
# [Telemetry] Rejected invalid telemetry payload.
# [Telemetry] Rejected invalid telemetry payload.
# [Telemetry] Rejected invalid telemetry payload.
# [Telemetry] Rejected invalid telemetry payload.
# [Telemetry] Rejected invalid telemetry payload.
# [Telemetry] Rejected invalid telemetry payload.
# [Telemetry] Rejected invalid telemetry payload.
# [Telemetry] Rejected invalid telemetry payload.
# [Telemetry] Rejected invalid telemetry payload.
# [Telemetry] Rejected invalid telemetry payload.
# [Telemetry] Rejected invalid telemetry payload.
# [Telemetry] Rejected invalid telemetry payload.
# [Telemetry] Rejected invalid telemetry payload.
# [Telemetry] Rejected invalid telemetry payload.
# [Telemetry] Rejected invalid telemetry payload.
# [Telemetry] Rejected invalid telemetry payload.
# [Telemetry] Rejected invalid telemetry payload.
# [Telemetry] Rejected invalid telemetry payload.
# [Telemetry] Rejected invalid telemetry payload.
# [Telemetry] Rejected invalid telemetry payload.
# [Telemetry] Rejected invalid telemetry payload.
# [Telemetry] Rejected invalid telemetry payload.
# [Telemetry] Rejected invalid telemetry payload.
# [Telemetry] Rejected invalid telemetry payload.
# [Telemetry] Rejected invalid telemetry payload.
# [Telemetry] Rejected telemetry for an unknown device.
# [Telemetry] POST ingest error: Error: private storage failure
#     at Object.create (/home/roniel_cuaresma/Leaf-Check-AI/backend/tests/demo-telemetry.test.mjs:81:34)
#     at <anonymous> (/home/roniel_cuaresma/Leaf-Check-AI/backend/src/routes/telemetry.ts:154:48)
#     at process.processTicksAndRejections (node:internal/process/task_queues:103:5)
# Subtest: hardware ingestion accepts sensor boundaries and rejects invalid input before writes
ok 16 - hardware ingestion accepts sensor boundaries and rejects invalid input before writes
  ---
  duration_ms: 287.699267
  type: 'test'
  ...
# (node:131192) ExperimentalWarning: Module mocking is an experimental feature and might change at any time
# (Use `node --trace-warnings ...` to show where the warning was created)
# [LeafCheck Backend] Listening on http://0.0.0.0:0
# Subtest: actual server mount requires authentication and rejects malformed bodies without writes
ok 17 - actual server mount requires authentication and rejects malformed bodies without writes
  ---
  duration_ms: 754.02525
  type: 'test'
  ...
# Subtest: create normalizes supported addresses and exposes exactly the Device contract
ok 18 - create normalizes supported addresses and exposes exactly the Device contract
  ---
  duration_ms: 56.833464
  type: 'test'
  ...
# Subtest: owner reclaim preserves ID/name, trims supplied names, and denies foreign claim without mutation
ok 19 - owner reclaim preserves ID/name, trims supplied names, and denies foreign claim without mutation
  ---
  duration_ms: 52.798665
  type: 'test'
  ...
# Subtest: unique-constraint race re-reads winner and applies same-owner and foreign-owner rules
ok 20 - unique-constraint race re-reads winner and applies same-owner and foreign-owner rules
  ---
  duration_ms: 28.496148
  type: 'test'
  ...
# Subtest: unexpected storage failures are sanitized
ok 21 - unexpected storage failures are sanitized
  ---
  duration_ms: 31.187184
  type: 'test'
  ...
# Subtest: parallel claims yield one creation and an owner-appropriate conflict resolution
ok 22 - parallel claims yield one creation and an owner-appropriate conflict resolution
  ---
  duration_ms: 54.257203
  type: 'test'
  ...
# Subtest: mandatory provider validation rejects malformed credentials without exposing values
ok 23 - mandatory provider validation rejects malformed credentials without exposing values
  ---
  duration_ms: 11.575257
  type: 'test'
  ...
# Subtest: startup validation and both model modes accept legacy and AQ. keys
ok 24 - startup validation and both model modes accept legacy and AQ. keys
  ---
  duration_ms: 1.419342
  type: 'test'
  ...
# Subtest: real SDK uses current trimmed API key, no bearer [redacted], and configured model on each request
ok 25 - real SDK uses current trimmed API key, no bearer [redacted], and configured model on each request
  ---
  duration_ms: 90.438047
  type: 'test'
  ...
# Subtest: real SDK authentication errors are sanitized rather than retried or returned as user 401s
ok 26 - real SDK authentication errors are sanitized rather than retried or returned as user 401s
  ---
  duration_ms: 2.63613
  type: 'test'
  ...
# Subtest: server exits cleanly before listening when mandatory configuration is missing or malformed
ok 27 - server exits cleanly before listening when mandatory configuration is missing or malformed
  ---
  duration_ms: 10482.935929
  type: 'test'
  ...
# (node:131209) ExperimentalWarning: Module mocking is an experimental feature and might change at any time
# (Use `node --trace-warnings ...` to show where the warning was created)
# Subtest: protected routers reject anonymous callers
ok 28 - protected routers reject anonymous callers
  ---
  duration_ms: 7850.148887
  type: 'test'
  ...
# Subtest: cross-owner reads, updates and analysis stop before costs or writes
ok 29 - cross-owner reads, updates and analysis stop before costs or writes
  ---
  duration_ms: 132.509867
  type: 'test'
  ...
# Subtest: scan requires device association and rejects extra fields
ok 30 - scan requires device association and rejects extra fields
  ---
  duration_ms: 42.358486
  type: 'test'
  ...
# Subtest: owner reads succeed and firmware ingestion still accepts no user JWT
ok 31 - owner reads succeed and firmware ingestion still accepts no user JWT
  ---
  duration_ms: 28.986644
  type: 'test'
  ...
# Subtest: native argon2 0.45.1 fixtures remain compatible, including parameter order and Unicode
ok 32 - native argon2 0.45.1 fixtures remain compatible, including parameter order and Unicode
  ---
  duration_ms: 3560.551422
  type: 'test'
  ...
# Subtest: new hashes have random salts, unchanged work factors, and interoperable encoding
ok 33 - new hashes have random salts, unchanged work factors, and interoperable encoding
  ---
  duration_ms: 3612.377568
  type: 'test'
  ...
# Subtest: missing, malformed, unsupported and excessive-cost hashes fail closed
ok 34 - missing, malformed, unsupported and excessive-cost hashes fail closed
  ---
  duration_ms: 4109.456246
  type: 'test'
  ...
# Subtest: pool bounds concurrency/queue, remains responsive, and recovers after overload
ok 35 - pool bounds concurrency/queue, remains responsive, and recovers after overload
  ---
  duration_ms: 1452.050507
  type: 'test'
  ...
# Subtest: worker failures and timeouts reject active/queued work without hanging
ok 36 - worker failures and timeouts reject active/queued work without hanging
  ---
  duration_ms: 51.102296
  type: 'test'
  ...
# (node:131283) ExperimentalWarning: Module mocking is an experimental feature and might change at any time
# (Use `node --trace-warnings ...` to show where the warning was created)
# Subtest: rejects invalid input, UUIDs, foreign and missing resources before writes
ok 37 - rejects invalid input, UUIDs, foreign and missing resources before writes
  ---
  duration_ms: 616.958988
  type: 'test'
  ...
# Subtest: auto-unpairs all previous holders, replaces the target association and preserves Plant serialization
ok 38 - auto-unpairs all previous holders, replaces the target association and preserves Plant serialization
  ---
  duration_ms: 11.568555
  type: 'test'
  ...
# Subtest: unpair is repeatable, returns existing omitted-null contract and never checks a device
ok 39 - unpair is repeatable, returns existing omitted-null contract and never checks a device
  ---
  duration_ms: 22.248498
  type: 'test'
  ...
# Subtest: failure after auto-unpair rolls back both plants and sanitizes storage errors
ok 40 - failure after auto-unpair rolls back both plants and sanitizes storage errors
  ---
  duration_ms: 16.999806
  type: 'test'
  ...
# Subtest: serialization conflicts retry fresh ownership checks; exhaustion is a controlled 409
ok 41 - serialization conflicts retry fresh ownership checks; exhaustion is a controlled 409
  ---
  duration_ms: 29.400597
  type: 'test'
  ...
# Subtest: concurrent requests are retried after commit conflict and retain only one holder
ok 42 - concurrent requests are retried after commit conflict and retain only one holder
  ---
  duration_ms: 31.353959
  type: 'test'
  ...
# Subtest: ownership is rechecked inside the transaction when plant disappears
ok 43 - ownership is rechecked inside the transaction when plant disappears
  ---
  duration_ms: 11.97166
  type: 'test'
  ...
# (node:131303) ExperimentalWarning: Module mocking is an experimental feature and might change at any time
# (Use `node --trace-warnings ...` to show where the warning was created)
# Subtest: unpaired plant returns explicit empty state without device or Mongo queries
ok 44 - unpaired plant returns explicit empty state without device or Mongo queries
  ---
  duration_ms: 251.022548
  type: 'test'
  ...
# Subtest: paired plant joins hardware MAC and returns newest reading in the canonical payload
ok 45 - paired plant joins hardware MAC and returns newest reading in the canonical payload
  ---
  duration_ms: 15.298313
  type: 'test'
  ...
# Subtest: soil classification uses custom plant bounds including both inclusive boundaries
ok 46 - soil classification uses custom plant bounds including both inclusive boundaries
  ---
  duration_ms: 63.762331
  type: 'test'
  ...
# Subtest: nullable sensors retain zero fallback and light thresholds retain inclusive optimal boundaries
ok 47 - nullable sensors retain zero fallback and light thresholds retain inclusive optimal boundaries
  ---
  duration_ms: 85.441302
  type: 'test'
  ...
# Subtest: no MAC reading returns paired device with null telemetry; UUID readings are not a fallback
ok 48 - no MAC reading returns paired device with null telemetry; UUID readings are not a fallback
  ---
  duration_ms: 21.583255
  type: 'test'
  ...
# Subtest: unauthorized, invalid, absent and foreign resources stop before Mongo queries
ok 49 - unauthorized, invalid, absent and foreign resources stop before Mongo queries
  ---
  duration_ms: 65.730351
  type: 'test'
  ...
# Subtest: failures from either database are sanitized and do not leak storage details
ok 50 - failures from either database are sanitized and do not leak storage details
  ---
  duration_ms: 56.962798
  type: 'test'
  ...
# (node:131315) ExperimentalWarning: Module mocking is an experimental feature and might change at any time
# (Use `node --trace-warnings ...` to show where the warning was created)
# Subtest: new account can create, list, view and delete its first plant
ok 51 - new account can create, list, view and delete its first plant
  ---
  duration_ms: 590.14291
  type: 'test'
  ...
# Subtest: creation rejects invalid input and caller-controlled ownership without writes
ok 52 - creation rejects invalid input and caller-controlled ownership without writes
  ---
  duration_ms: 264.152029
  type: 'test'
  ...
# Subtest: owner can patch details and boundary moisture values; other accounts see identical 404s
ok 53 - owner can patch details and boundary moisture values; other accounts see identical 404s
  ---
  duration_ms: 101.017788
  type: 'test'
  ...
# Subtest: patch validation rejects invalid fields without writes and handles concurrent disappearance
ok 54 - patch validation rejects invalid fields without writes and handles concurrent disappearance
  ---
  duration_ms: 165.093397
  type: 'test'
  ...
# Subtest: anonymous writes, invalid IDs, optional blanks, and write failures
ok 55 - anonymous writes, invalid IDs, optional blanks, and write failures
  ---
  duration_ms: 40.672394
  type: 'test'
  ...
# Subtest: pinned library ESM parses task title and date; adapter extracts only action bullets
ok 56 - pinned library ESM parses task title and date; adapter extracts only action bullets
  ---
  duration_ms: 691.768895
  type: 'test'
  ...
# Subtest: missing, repeated, empty and unusable sections use a bounded review fallback
ok 57 - missing, repeated, empty and unusable sections use a bounded review fallback
  ---
  duration_ms: 6.705922
  type: 'test'
  ...
# Subtest: bullets, continuation details, deduplication and five-task limit preserve report order
ok 58 - bullets, continuation details, deduplication and five-task limit preserve report order
  ---
  duration_ms: 13.331866
  type: 'test'
  ...
# Subtest: absolute dates and default reminders ignore ambient timezone and relative clock
ok 59 - absolute dates and default reminders ignore ambient timezone and relative clock
  ---
  duration_ms: 40.122825
  type: 'test'
  ...
# Subtest: conditional and negative instructions retain their meaning and cannot control persistence
ok 60 - conditional and negative instructions retain their meaning and cannot control persistence
  ---
  duration_ms: 4.108626
  type: 'test'
  ...
# (node:131344) ExperimentalWarning: Module mocking is an experimental feature and might change at any time
# (Use `node --trace-warnings ...` to show where the warning was created)
# [Scan] Step 1: Identifying species via Pl@ntNet...
# [Scan] Identified: Ocimum basilicum (Basil) — confidence: 99.0%
# [Scan] Step 4: Fetching specs and telemetry concurrently...
# [Scan] Cache hit for Ocimum basilicum.
# [Scan] Freshness: No device associated with this plant. Environmental analysis is based on image only.
# [Scan] Step 6: Sending to Gemini...
# [Scan] Gemini did not return valid JSON. Using heuristic fallback.
# Subtest: cache hit skips Perenual and insertion
ok 61 - cache hit skips Perenual and insertion
  ---
  duration_ms: 6215.758024
  type: 'test'
  ...
# [Scan] Step 1: Identifying species via Pl@ntNet...
# [Scan] Identified: Ocimum basilicum (Basil) — confidence: 99.0%
# [Scan] Step 4: Fetching specs and telemetry concurrently...
# [Scan] Cache miss — fetching from Perenual API...
# [Scan] Cached specs for Ocimum basilicum.
# [Scan] Freshness: No device associated with this plant. Environmental analysis is based on image only.
# [Scan] Step 6: Sending to Gemini...
# [Scan] Step 1: Identifying species via Pl@ntNet...
# [Scan] Identified: Ocimum basilicum (Basil) — confidence: 99.0%
# [Scan] Step 4: Fetching specs and telemetry concurrently...
# [Scan] Cache miss — fetching from Perenual API...
# [Scan] Cached specs for Ocimum basilicum.
# [Scan] Freshness: No device associated with this plant. Environmental analysis is based on image only.
# [Scan] Step 6: Sending to Gemini...
# Subtest: saved task fields match the public response and trusted scan ownership
ok 62 - saved task fields match the public response and trusted scan ownership
  ---
  duration_ms: 466.220141
  type: 'test'
  ...
# [Scan] Step 1: Identifying species via Pl@ntNet...
# [Scan] Identified: Ocimum basilicum (Basil) — confidence: 99.0%
# [Scan] Step 4: Fetching specs and telemetry concurrently...
# [Scan] Cache miss — fetching from Perenual API...
# [Scan] Cached specs for Ocimum basilicum.
# [Scan] Freshness: No device associated with this plant. Environmental analysis is based on image only.
# [Scan] Step 6: Sending to Gemini...
# Subtest: report without actions always writes one review task regardless of provider task array
ok 63 - report without actions always writes one review task regardless of provider task array
  ---
  duration_ms: 15.990008
  type: 'test'
  ...
# [Scan] Step 1: Identifying species via Pl@ntNet...
# [Scan] Identified: Ocimum basilicum (Basil) — confidence: 99.0%
# [Scan] Step 4: Fetching specs and telemetry concurrently...
# [Scan] Cache miss — fetching from Perenual API...
# [Scan] Cached specs for Ocimum basilicum.
# [Scan] Freshness: No device associated with this plant. Environmental analysis is based on image only.
# [Scan] Step 6: Sending to Gemini...
# [Scan] Gemini did not return valid JSON. Using heuristic fallback.
# [Scan] Pipeline error: SCAN_FAILED
# Subtest: failure at plant is sanitized and rolls back all scan writes
ok 64 - failure at plant is sanitized and rolls back all scan writes
  ---
  duration_ms: 11.83329
  type: 'test'
  ...
# [Scan] Step 1: Identifying species via Pl@ntNet...
# [Scan] Identified: Ocimum basilicum (Basil) — confidence: 99.0%
# [Scan] Step 4: Fetching specs and telemetry concurrently...
# [Scan] Cache miss — fetching from Perenual API...
# [Scan] Cached specs for Ocimum basilicum.
# [Scan] Freshness: No device associated with this plant. Environmental analysis is based on image only.
# [Scan] Step 6: Sending to Gemini...
# [Scan] Gemini did not return valid JSON. Using heuristic fallback.
# [Scan] Pipeline error: SCAN_FAILED
# Subtest: failure at identification is sanitized and rolls back all scan writes
ok 65 - failure at identification is sanitized and rolls back all scan writes
  ---
  duration_ms: 7.973147
  type: 'test'
  ...
# [Scan] Step 1: Identifying species via Pl@ntNet...
# [Scan] Identified: Ocimum basilicum (Basil) — confidence: 99.0%
# [Scan] Step 4: Fetching specs and telemetry concurrently...
# [Scan] Cache miss — fetching from Perenual API...
# [Scan] Cached specs for Ocimum basilicum.
# [Scan] Freshness: No device associated with this plant. Environmental analysis is based on image only.
# [Scan] Step 6: Sending to Gemini...
# [Scan] Gemini did not return valid JSON. Using heuristic fallback.
# [Scan] Pipeline error: SCAN_FAILED
# Subtest: failure at analysis is sanitized and rolls back all scan writes
ok 66 - failure at analysis is sanitized and rolls back all scan writes
  ---
  duration_ms: 12.017878
  type: 'test'
  ...
# [Scan] Step 1: Identifying species via Pl@ntNet...
# [Scan] Identified: Ocimum basilicum (Basil) — confidence: 99.0%
# [Scan] Step 4: Fetching specs and telemetry concurrently...
# [Scan] Cache miss — fetching from Perenual API...
# [Scan] Cached specs for Ocimum basilicum.
# [Scan] Freshness: No device associated with this plant. Environmental analysis is based on image only.
# [Scan] Step 6: Sending to Gemini...
# [Scan] Gemini did not return valid JSON. Using heuristic fallback.
# [Scan] Pipeline error: SCAN_FAILED
# Subtest: failure at tasks is sanitized and rolls back all scan writes
ok 67 - failure at tasks is sanitized and rolls back all scan writes
  ---
  duration_ms: 10.599269
  type: 'test'
  ...
# [Scan] Step 1: Identifying species via Pl@ntNet...
# [Scan] Identified: Ocimum basilicum (Basil) — confidence: 99.0%
# [Scan] Step 4: Fetching specs and telemetry concurrently...
# [Scan] Cache miss — fetching from Perenual API...
# [Scan] Cached specs for Ocimum basilicum.
# [Scan] Freshness: No device associated with this plant. Environmental analysis is based on image only.
# [Scan] Step 6: Sending to Gemini...
# [Scan] Gemini did not return valid JSON. Using heuristic fallback.
# [Scan] Pipeline error: SCAN_FAILED
# Subtest: failure at health is sanitized and rolls back all scan writes
ok 68 - failure at health is sanitized and rolls back all scan writes
  ---
  duration_ms: 8.504792
  type: 'test'
  ...
# Subtest: plant guidance is filtered by the owned plant before limiting history
ok 69 - plant guidance is filtered by the owned plant before limiting history
  ---
  duration_ms: 28.85162
  type: 'test'
  ...
# Subtest: missing, malformed and oversized images are rejected before provider calls or writes
ok 70 - missing, malformed and oversized images are rejected before provider calls or writes
  ---
  duration_ms: 242.057013
  type: 'test'
  ...
# Subtest: foreign plants and linked devices are blocked before providers and telemetry reads
ok 71 - foreign plants and linked devices are blocked before providers and telemetry reads
  ---
  duration_ms: 23.693602
  type: 'test'
  ...
# [Scan] Step 1: Identifying species via Pl@ntNet...
# [Scan] Identified: Ocimum basilicum (Basil) — confidence: 99.0%
# [Scan] Step 4: Fetching specs and telemetry concurrently...
# [Scan] Cache miss — fetching from Perenual API...
# [Scan] Cached specs for Ocimum basilicum.
# [Scan] Freshness: Sensor reading is 60 minutes old (STALE — readings may not reflect current conditions. Treat with lower confidence).
# [Scan] Step 6: Sending to Gemini...
# [Scan] Gemini did not return valid JSON. Using heuristic fallback.
# Subtest: owned device telemetry and stale context are preserved with diagnostic text
ok 72 - owned device telemetry and stale context are preserved with diagnostic text
  ---
  duration_ms: 6.03255
  type: 'test'
  ...
# [Scan] Step 1: Identifying species via Pl@ntNet...
# [Scan] Identified: Ocimum basilicum (Basil) — confidence: 99.0%
# [Scan] Step 4: Fetching specs and telemetry concurrently...
# [Scan] Cache miss — fetching from Perenual API...
# [Scan] Cached specs for Ocimum basilicum.
# [Scan] Freshness: No device associated with this plant. Environmental analysis is based on image only.
# [Scan] Step 6: Sending to Gemini...
# [Scan] Pipeline error: SCAN_AI_UNAVAILABLE
# [Scan] Step 1: Identifying species via Pl@ntNet...
# [Scan] Identified: Ocimum basilicum (Basil) — confidence: 99.0%
# [Scan] Step 4: Fetching specs and telemetry concurrently...
# [Scan] Cache miss — fetching from Perenual API...
# [Scan] Cached specs for Ocimum basilicum.
# [Scan] Freshness: No device associated with this plant. Environmental analysis is based on image only.
# [Scan] Step 6: Sending to Gemini...
# [Scan] Pipeline error: SCAN_AI_UNAVAILABLE
# [Scan] Step 1: Identifying species via Pl@ntNet...
# [Scan] Identified: Ocimum basilicum (Basil) — confidence: 99.0%
# [Scan] Step 4: Fetching specs and telemetry concurrently...
# [Scan] Cache miss — fetching from Perenual API...
# [Scan] Cached specs for Ocimum basilicum.
# [Scan] Freshness: No device associated with this plant. Environmental analysis is based on image only.
# [Scan] Step 6: Sending to Gemini...
# [Scan] Pipeline error: SCAN_AI_UNAVAILABLE
# [Scan] Step 1: Identifying species via Pl@ntNet...
# [Scan] Identified: Ocimum basilicum (Basil) — confidence: 99.0%
# [Scan] Step 4: Fetching specs and telemetry concurrently...
# [Scan] Cache miss — fetching from Perenual API...
# [Scan] Cached specs for Ocimum basilicum.
# [Scan] Freshness: No device associated with this plant. Environmental analysis is based on image only.
# [Scan] Step 6: Sending to Gemini...
# [Scan] Pipeline error: SCAN_AI_UNAVAILABLE
# [Scan] Step 1: Identifying species via Pl@ntNet...
# [Scan] Identified: Ocimum basilicum (Basil) — confidence: 99.0%
# [Scan] Step 4: Fetching specs and telemetry concurrently...
# [Scan] Cache miss — fetching from Perenual API...
# [Scan] Cached specs for Ocimum basilicum.
# [Scan] Freshness: No device associated with this plant. Environmental analysis is based on image only.
# [Scan] Step 6: Sending to Gemini...
# [Scan] Pipeline error: SCAN_AI_UNAVAILABLE
# [Scan] Step 1: Identifying species via Pl@ntNet...
# [Scan] Identified: Ocimum basilicum (Basil) — confidence: 99.0%
# [Scan] Step 4: Fetching specs and telemetry concurrently...
# [Scan] Cache miss — fetching from Perenual API...
# [Scan] Cached specs for Ocimum basilicum.
# [Scan] Freshness: No device associated with this plant. Environmental analysis is based on image only.
# [Scan] Step 6: Sending to Gemini...
# [Scan] Pipeline error: SCAN_AI_UNAVAILABLE
# [Scan] Step 1: Identifying species via Pl@ntNet...
# [Scan] Identified: Ocimum basilicum (Basil) — confidence: 99.0%
# [Scan] Step 4: Fetching specs and telemetry concurrently...
# [Scan] Cache miss — fetching from Perenual API...
# [Scan] Cached specs for Ocimum basilicum.
# [Scan] Freshness: No device associated with this plant. Environmental analysis is based on image only.
# [Scan] Step 6: Sending to Gemini...
# [Scan] Pipeline error: SCAN_AI_UNAVAILABLE
# [Scan] Step 1: Identifying species via Pl@ntNet...
# [Scan] Identified: Ocimum basilicum (Basil) — confidence: 99.0%
# [Scan] Step 4: Fetching specs and telemetry concurrently...
# [Scan] Cache miss — fetching from Perenual API...
# [Scan] Cached specs for Ocimum basilicum.
# [Scan] Freshness: No device associated with this plant. Environmental analysis is based on image only.
# [Scan] Step 6: Sending to Gemini...
# Subtest: malformed AI structures fail safely before creating plants or analyses
ok 73 - malformed AI structures fail safely before creating plants or analyses
  ---
  duration_ms: 42.551182
  type: 'test'
  ...
# [Scan] Step 1: Identifying species via Pl@ntNet...
# [Scan] Identified: Ocimum basilicum (Basil) — confidence: 99.0%
# [Scan] Step 4: Fetching specs and telemetry concurrently...
# [Scan] Cache miss — fetching from Perenual API...
# [Scan] Cached specs for Ocimum basilicum.
# [Scan] Freshness: No device associated with this plant. Environmental analysis is based on image only.
# [Scan] Step 6: Sending to Gemini...
# [Scan] Gemini did not return valid JSON. Using heuristic fallback.
# Subtest: cache miss inserts specifications normally
ok 74 - cache miss inserts specifications normally
  ---
  duration_ms: 5.347627
  type: 'test'
  ...
# [Scan] Step 1: Identifying species via Pl@ntNet...
# [Scan] Identified: Ocimum basilicum (Basil) — confidence: 99.0%
# [Scan] Step 4: Fetching specs and telemetry concurrently...
# [Scan] Step 1: Identifying species via Pl@ntNet...
# [Scan] Identified: Ocimum basilicum (Basil) — confidence: 99.0%
# [Scan] Step 4: Fetching specs and telemetry concurrently...
# [Scan] Cache miss — fetching from Perenual API...
# [Scan] Cache miss — fetching from Perenual API...
# [Scan] Cached specs for Ocimum basilicum.
# [Scan] Freshness: No device associated with this plant. Environmental analysis is based on image only.
# [Scan] Step 6: Sending to Gemini...
# [Scan] Reused concurrently cached specs for Ocimum basilicum.
# [Scan] Gemini did not return valid JSON. Using heuristic fallback.
# [Scan] Freshness: No device associated with this plant. Environmental analysis is based on image only.
# [Scan] Step 6: Sending to Gemini...
# [Scan] Gemini did not return valid JSON. Using heuristic fallback.
# Subtest: two simultaneous misses reuse the winner without failing either scan
ok 75 - two simultaneous misses reuse the winner without failing either scan
  ---
  duration_ms: 14.030104
  type: 'test'
  ...
# [Scan] Step 1: Identifying species via Pl@ntNet...
# [Scan] Identified: Ocimum basilicum (Basil) — confidence: 99.0%
# [Scan] Step 4: Fetching specs and telemetry concurrently...
# [Scan] Cache miss — fetching from Perenual API...
# [Scan] Reused concurrently cached specs for Ocimum basilicum L..
# [Scan] Freshness: No device associated with this plant. Environmental analysis is based on image only.
# [Scan] Step 6: Sending to Gemini...
# [Scan] Gemini did not return valid JSON. Using heuristic fallback.
# Subtest: recovery reads the Perenual insertion key rather than the identification name
ok 76 - recovery reads the Perenual insertion key rather than the identification name
  ---
  duration_ms: 6.663688
  type: 'test'
  ...
# [Scan] Step 1: Identifying species via Pl@ntNet...
# [Scan] Identified: Ocimum basilicum (Basil) — confidence: 99.0%
# [Scan] Step 4: Fetching specs and telemetry concurrently...
# [Scan] Cache miss — fetching from Perenual API...
# [Scan] Reused concurrently cached specs for Ocimum basilicum.
# [Scan] Freshness: No device associated with this plant. Environmental analysis is based on image only.
# [Scan] Step 6: Sending to Gemini...
# [Scan] Gemini did not return valid JSON. Using heuristic fallback.
# Subtest: write conflict recovers when a persisted record exists
ok 77 - write conflict recovers when a persisted record exists
  ---
  duration_ms: 6.486534
  type: 'test'
  ...
# [Scan] Step 1: Identifying species via Pl@ntNet...
# [Scan] Identified: Ocimum basilicum (Basil) — confidence: 99.0%
# [Scan] Step 4: Fetching specs and telemetry concurrently...
# [Scan] Cache miss — fetching from Perenual API...
# [Scan] Pipeline error: SCAN_FAILED
# Subtest: P2002 with no winning record preserves the insertion error
ok 78 - P2002 with no winning record preserves the insertion error
  ---
  duration_ms: 5.822371
  type: 'test'
  ...
# [Scan] Step 1: Identifying species via Pl@ntNet...
# [Scan] Identified: Ocimum basilicum (Basil) — confidence: 99.0%
# [Scan] Step 4: Fetching specs and telemetry concurrently...
# [Scan] Cache miss — fetching from Perenual API...
# [Scan] Pipeline error: SCAN_FAILED
# Subtest: P2034 with no winning record preserves the insertion error
ok 79 - P2034 with no winning record preserves the insertion error
  ---
  duration_ms: 6.081776
  type: 'test'
  ...
# [Scan] Step 1: Identifying species via Pl@ntNet...
# [Scan] Identified: Ocimum basilicum (Basil) — confidence: 99.0%
# [Scan] Step 4: Fetching specs and telemetry concurrently...
# [Scan] Cache miss — fetching from Perenual API...
# [Scan] Pipeline error: SCAN_FAILED
# Subtest: unrelated insertion failure does not trigger a recovery read
ok 80 - unrelated insertion failure does not trigger a recovery read
  ---
  duration_ms: 5.000943
  type: 'test'
  ...
# [Scan] Step 1: Identifying species via Pl@ntNet...
# [Scan] Identified: Ocimum basilicum (Basil) — confidence: 99.0%
# [Scan] Step 4: Fetching specs and telemetry concurrently...
# [Scan] Cache miss — fetching from Perenual API...
# [Scan] Pipeline error: SCAN_FAILED
# Subtest: recovery read failure reaches the existing error handler
ok 81 - recovery read failure reaches the existing error handler
  ---
  duration_ms: 6.250274
  type: 'test'
  ...
# [Scan] Step 1: Identifying species via Pl@ntNet...
# [Scan] Identified: Ocimum basilicum (Basil) — confidence: 99.0%
# [Scan] Step 4: Fetching specs and telemetry concurrently...
# [Scan] Cache miss — fetching from Perenual API...
# [Scan] Freshness: No device associated with this plant. Environmental analysis is based on image only.
# [Scan] Step 6: Sending to Gemini...
# [Scan] Gemini did not return valid JSON. Using heuristic fallback.
# Subtest: missing Perenual specifications retain general-advice behavior
ok 82 - missing Perenual specifications retain general-advice behavior
  ---
  duration_ms: 6.362513
  type: 'test'
  ...
# [Scan] Step 1: Identifying species via Pl@ntNet...
# [Scan] Identified: Ocimum basilicum (Basil) — confidence: 99.0%
# [Scan] Step 4: Fetching specs and telemetry concurrently...
# [Scan] Cache miss — fetching from Perenual API...
# [Scan] Cached specs for Ocimum basilicum.
# [Scan] Freshness: No device associated with this plant. Environmental analysis is based on image only.
# [Scan] Step 6: Sending to Gemini...
# [Scan] Pipeline error: SCAN_AI_CONFIGURATION
# [Scan] Step 1: Identifying species via Pl@ntNet...
# [Scan] Identified: Ocimum basilicum (Basil) — confidence: 99.0%
# [Scan] Step 4: Fetching specs and telemetry concurrently...
# [Scan] Cache miss — fetching from Perenual API...
# [Scan] Cached specs for Ocimum basilicum.
# [Scan] Freshness: No device associated with this plant. Environmental analysis is based on image only.
# [Scan] Step 6: Sending to Gemini...
# [Scan] Gemini did not return valid JSON. Using heuristic fallback.
# Subtest: Gemini authentication failure is sanitized and subsequent scans still work
ok 83 - Gemini authentication failure is sanitized and subsequent scans still work
  ---
  duration_ms: 11.439524
  type: 'test'
  ...
# [Scan] Step 1: Identifying species via Pl@ntNet...
# [Scan] Identified: Ocimum basilicum (Basil) — confidence: 99.0%
# [Scan] Step 4: Fetching specs and telemetry concurrently...
# [Scan] Cache miss — fetching from Perenual API...
# [Scan] Cached specs for Ocimum basilicum.
# [Scan] Freshness: No device associated with this plant. Environmental analysis is based on image only.
# [Scan] Step 6: Sending to Gemini...
# [Scan] Pipeline error: SCAN_AI_CONFIGURATION
# [Scan] Step 1: Identifying species via Pl@ntNet...
# [Scan] Identified: Ocimum basilicum (Basil) — confidence: 99.0%
# [Scan] Step 4: Fetching specs and telemetry concurrently...
# [Scan] Cache miss — fetching from Perenual API...
# [Scan] Cached specs for Ocimum basilicum.
# [Scan] Freshness: No device associated with this plant. Environmental analysis is based on image only.
# [Scan] Step 6: Sending to Gemini...
# [Scan] Gemini did not return valid JSON. Using heuristic fallback.
# Subtest: provider failure does not create a new plant; a successful scan creates it once
ok 84 - provider failure does not create a new plant; a successful scan creates it once
  ---
  duration_ms: 15.875135
  type: 'test'
  ...
# [Scan] Pipeline error: SCAN_AI_CONFIGURATION
# [Scan] Step 1: Identifying species via Pl@ntNet...
# [Scan] Identified: Ocimum basilicum (Basil) — confidence: 99.0%
# [Scan] Step 4: Fetching specs and telemetry concurrently...
# [Scan] Cache miss — fetching from Perenual API...
# [Scan] Cached specs for Ocimum basilicum.
# [Scan] Freshness: No device associated with this plant. Environmental analysis is based on image only.
# [Scan] Step 6: Sending to Gemini...
# [Scan] Gemini did not return valid JSON. Using heuristic fallback.
# Subtest: invalid runtime credential fails before cache work and recovers after replacement
ok 85 - invalid runtime credential fails before cache work and recovers after replacement
  ---
  duration_ms: 10.783737
  type: 'test'
  ...
# Subtest: invalid task payload fails before the transaction is opened
ok 86 - invalid task payload fails before the transaction is opened
  ---
  duration_ms: 3.70982
  type: 'test'
  ...
# [Perenual] No results found for "Strelitzia nicolai".
# [Perenual] No results found for "Echeveria colorata".
# [Perenual] No results found for "Echeveria colorata".
# [Perenual] No results found for "Echeveria colorata".
# [Perenual] No results found for "Echeveria colorata".
# [Perenual] No results found for "Echeveria colorata".
# [Perenual] No results found for "Echeveria colorata".
# [Perenual] Lookup failed; continuing without specs.
# Subtest: Pl@ntNet 404 and empty identification are controlled no-plant outcomes
ok 87 - Pl@ntNet 404 and empty identification are controlled no-plant outcomes
  ---
  duration_ms: 69.881189
  type: 'test'
  ...
# Subtest: Pl@ntNet unexpected provider error objects and network failures remain controlled
ok 88 - Pl@ntNet unexpected provider error objects and network failures remain controlled
  ---
  duration_ms: 3.652248
  type: 'test'
  ...
# Subtest: malformed identification metadata is rejected without returning provider details
ok 89 - malformed identification metadata is rejected without returning provider details
  ---
  duration_ms: 10.070148
  type: 'test'
  ...
# Subtest: Perenual common-name fallback verifies scientific identity
ok 90 - Perenual common-name fallback verifies scientific identity
  ---
  duration_ms: 13.095616
  type: 'test'
  ...
# Subtest: Perenual missing, unrelated, malformed or unavailable data remains optional
ok 91 - Perenual missing, unrelated, malformed or unavailable data remains optional
  ---
  duration_ms: 10.794849
  type: 'test'
  ...
# Subtest: Gemini configuration is read lazily and rejects missing or OAuth credentials
ok 92 - Gemini configuration is read lazily and rejects missing or OAuth credentials
  ---
  duration_ms: 3.532895
  type: 'test'
  ...
# (node:131381) ExperimentalWarning: Module mocking is an experimental feature and might change at any time
# (Use `node --trace-warnings ...` to show where the warning was created)
# [LeafCheck Backend] Listening on http://0.0.0.0:0
# Subtest: one proxy hop accepts the nearest forwarded address, not earlier client entries
ok 93 - one proxy hop accepts the nearest forwarded address, not earlier client entries
  ---
  duration_ms: 187.729301
  type: 'test'
  ...
# Subtest: headers, preflight, independent quotas, and rejection before body parsing
ok 94 - headers, preflight, independent quotas, and rejection before body parsing
  ---
  duration_ms: 2208.356139
  type: 'test'
  ...
1..94
# tests 94
# suites 0
# pass 94
# fail 0
# cancelled 0
# skipped 0
# todo 0
# duration_ms 45650.271925
--- stderr ---
npm notice run leaf-check-ai-frontend@1.0.0 test
npm notice run node --import tsx --test tests/*.test.ts
npm notice run leaf-check-ai-backend@1.0.0 test
npm notice run node --import tsx/esm --experimental-test-module-mocks --test tests/*.test.mjs
npm notice run leaf-check-ai-workspace@1.0.0 npx
npm notice run 'tsc' --noEmit -p backend/tsconfig.json
npm notice run leaf-check-ai-frontend@1.0.0 typecheck
npm notice run tsc --noEmit
--- outcome passed (exit 0) ---
